time,rtc_timestamp_dt,atmospheric-temperature,atmospheric-pressure,battery-level-mv
1775193588,2026-04-03 05:19:48+00:00,27.407085418701172,987.9794921875,3900.0
1775193623,2026-04-03 05:20:23+00:00,30.372190475463867,988.08203125,3900.0
1775193941,2026-04-03 05:25:41+00:00,29.639419555664062,986.9440307617188,3900.0
1775194262,2026-04-03 05:31:02+00:00,28.768224716186523,986.04052734375,3900.0
1775194575,2026-04-03 05:36:15+00:00,27.414194107055664,985.4249267578125,3900.0
1775194884,2026-04-03 05:41:24+00:00,27.276912689208984,985.5890502929688,3900.0
1775195181,2026-04-03 05:46:21+00:00,27.27303695678711,985.6815185546875,3900.0
1775195505,2026-04-03 05:51:45+00:00,27.293325424194336,985.6609497070312,3900.0
1775195827,2026-04-03 05:57:07+00:00,27.35848045349121,985.6761474609375,3900.0
1775196131,2026-04-03 06:02:11+00:00,27.51332664489746,985.8776245117188,3900.0
1775196451,2026-04-03 06:07:31+00:00,27.667667388916016,986.2015380859375,3900.0
1775196763,2026-04-03 06:12:43+00:00,27.748210906982422,986.3318481445312,3900.0
1775197086,2026-04-03 06:18:06+00:00,27.934314727783203,986.3001708984375,3900.0
1775197419,2026-04-03 06:23:39+00:00,28.278095245361328,986.5006713867188,3900.0
1775197726,2026-04-03 06:28:46+00:00,28.561925888061523,986.7913208007812,3900.0
1775198040,2026-04-03 06:34:00+00:00,28.849609375,986.8580932617188,3900.0
1775198357,2026-04-03 06:39:17+00:00,29.001083374023438,986.6261596679688,3900.0
1775198677,2026-04-03 06:44:37+00:00,29.1773738861084,986.4303588867188,3900.0
1775199004,2026-04-03 06:50:04+00:00,29.386825561523438,986.2763671875,3900.0
1775199323,2026-04-03 06:55:23+00:00,29.628826141357422,986.2821044921875,3900.0
1775199660,2026-04-03 07:01:00+00:00,29.896432876586914,986.55224609375,3900.0
1775199961,2026-04-03 07:06:01+00:00,30.209096908569336,986.8883056640625,3900.0
1775200299,2026-04-03 07:11:39+00:00,30.636240005493164,986.6124877929688,3900.0
1775200603,2026-04-03 07:16:43+00:00,30.7091121673584,985.6271362304688,3900.0
1775200912,2026-04-03 07:21:52+00:00,30.7587833404541,985.1683349609375,3900.0
1775201238,2026-04-03 07:27:18+00:00,30.890926361083984,985.4896240234375,3900.0
1775201563,2026-04-03 07:32:43+00:00,31.108434677124023,985.7689208984375,3900.0
1775201882,2026-04-03 07:38:02+00:00,31.256755828857422,985.4295654296875,3900.0
1775202200,2026-04-03 07:43:20+00:00,31.17325782775879,984.6439208984375,3900.0
1775202518,2026-04-03 07:48:38+00:00,31.130992889404297,984.5882568359375,3900.0
1775202828,2026-04-03 07:53:48+00:00,31.2153263092041,984.9264526367188,3900.0
1775203158,2026-04-03 07:59:18+00:00,31.367788314819336,984.9571533203125,3900.0
1775203472,2026-04-03 08:04:32+00:00,31.360538482666016,984.4397583007812,3900.0
1775203794,2026-04-03 08:09:54+00:00,31.178955078125,983.73291015625,3900.0
1775204125,2026-04-03 08:15:25+00:00,30.814889907836914,983.5275268554688,3900.0
1775204437,2026-04-03 08:20:37+00:00,30.659454345703125,983.9255981445312,3900.0
1775204754,2026-04-03 08:25:54+00:00,30.609569549560547,984.3411865234375,3900.0
1775205076,2026-04-03 08:31:16+00:00,30.598358154296875,984.5187377929688,3900.0
1775205406,2026-04-03 08:36:46+00:00,30.67990493774414,984.4684448242188,3900.0
1775205708,2026-04-03 08:41:48+00:00,30.724491119384766,984.3314208984375,3900.0
1775206007,2026-04-03 08:46:47+00:00,31.180500030517578,984.89306640625,3900.0
1775206332,2026-04-03 08:52:12+00:00,32.255775451660156,986.3165893554688,3900.0
1775206669,2026-04-03 08:57:49+00:00,33.706626892089844,987.1887817382812,3900.0
1775206973,2026-04-03 09:02:53+00:00,34.323238372802734,986.6861572265625,3900.0
1775207293,2026-04-03 09:08:13+00:00,34.429542541503906,986.0411376953125,3900.0
1775207596,2026-04-03 09:13:16+00:00,34.695152282714844,985.9405517578125,3900.0
1775207909,2026-04-03 09:18:29+00:00,34.635162353515625,984.8311767578125,3900.0
1775208212,2026-04-03 09:23:32+00:00,33.787139892578125,982.2733154296875,3900.0
1775208535,2026-04-03 09:28:55+00:00,33.047607421875,981.0413208007812,3900.0
1775208864,2026-04-03 09:34:24+00:00,32.52369689941406,981.2470703125,3900.0
1775209171,2026-04-03 09:39:31+00:00,32.61772918701172,982.1028442382812,3900.0
1775209478,2026-04-03 09:44:38+00:00,33.059715270996094,983.30078125,3900.0
1775209784,2026-04-03 09:49:44+00:00,33.21260452270508,983.7474365234375,3900.0
1775210100,2026-04-03 09:55:00+00:00,33.328102111816406,983.7933349609375,3900.0
1775210410,2026-04-03 10:00:10+00:00,33.58513641357422,984.0250244140625,3900.0
1775210749,2026-04-03 10:05:49+00:00,33.47536087036133,983.1461181640625,3900.0
1775211060,2026-04-03 10:11:00+00:00,32.929691314697266,981.5208129882812,3900.0
1775211365,2026-04-03 10:16:05+00:00,32.26588439941406,980.6488037109375,3900.0
1775211692,2026-04-03 10:21:32+00:00,31.419445037841797,980.4146728515625,3900.0
1775212020,2026-04-03 10:27:00+00:00,30.779260635375977,980.5059814453125,3900.0
1775212326,2026-04-03 10:32:06+00:00,30.07632064819336,981.3522338867188,3900.0
1775212642,2026-04-03 10:37:22+00:00,29.289764404296875,983.4678955078125,3900.0
1775212958,2026-04-03 10:42:38+00:00,28.83329200744629,983.623046875,3900.0
1775213267,2026-04-03 10:47:47+00:00,28.669940948486328,982.3331909179688,3900.0
1775213599,2026-04-03 10:53:19+00:00,28.37946128845215,981.8380737304688,3900.0
1775213913,2026-04-03 10:58:33+00:00,28.236713409423828,981.9383544921875,3900.0
1775214236,2026-04-03 11:03:56+00:00,28.186426162719727,982.1229248046875,3900.0
1775214545,2026-04-03 11:09:05+00:00,28.041263580322266,982.2609252929688,3900.0
1775214866,2026-04-03 11:14:26+00:00,28.0128231048584,982.42333984375,3900.0
1775215180,2026-04-03 11:19:40+00:00,27.78201675415039,982.3812255859375,3900.0
1775215497,2026-04-03 11:24:57+00:00,27.5921688079834,982.3857421875,3900.0
1775215815,2026-04-03 11:30:15+00:00,27.561960220336914,982.5634765625,3900.0
1775216147,2026-04-03 11:35:47+00:00,27.437694549560547,982.8453369140625,3900.0
1775216458,2026-04-03 11:40:58+00:00,27.48008155822754,983.0203857421875,3900.0
1775216778,2026-04-03 11:46:18+00:00,27.55013656616211,983.1915283203125,3900.0
1775217083,2026-04-03 11:51:23+00:00,27.698780059814453,983.4293823242188,3900.0
1775217417,2026-04-03 11:56:57+00:00,28.03397560119629,983.7835083007812,3900.0
1775217726,2026-04-03 12:02:06+00:00,28.278186798095703,984.0250854492188,3900.0
1775218048,2026-04-03 12:07:28+00:00,28.835657119750977,984.4078369140625,3900.0
1775218381,2026-04-03 12:13:01+00:00,29.58365821838379,984.8363037109375,3900.0
1775218698,2026-04-03 12:18:18+00:00,31.413555145263672,987.9065551757812,3900.0
1775219028,2026-04-03 12:23:48+00:00,34.259178161621094,991.6383666992188,3900.0
1775219348,2026-04-03 12:29:08+00:00,37.42396926879883,992.4954223632812,3900.0
1775219653,2026-04-03 12:34:13+00:00,37.35974884033203,987.6295776367188,3900.0
1775219964,2026-04-03 12:39:24+00:00,35.71559524536133,981.9566650390625,3900.0
1775220296,2026-04-03 12:44:56+00:00,33.678466796875,978.70556640625,3900.0
1775220610,2026-04-03 12:50:10+00:00,32.489105224609375,978.0625,3900.0
1775220942,2026-04-03 12:55:42+00:00,31.35113525390625,978.3275146484375,3900.0
1775221247,2026-04-03 13:00:47+00:00,30.561466217041016,978.7261962890625,3900.0
1775221576,2026-04-03 13:06:16+00:00,29.822357177734375,979.1531372070312,3900.0
1775221890,2026-04-03 13:11:30+00:00,29.29253578186035,979.4973754882812,3900.0
1775222205,2026-04-03 13:16:45+00:00,28.651317596435547,979.9773559570312,3900.0
1775222518,2026-04-03 13:21:58+00:00,28.24312973022461,980.2321166992188,3900.0
1775222825,2026-04-03 13:27:05+00:00,27.922250747680664,980.5137939453125,3900.0
1775223155,2026-04-03 13:32:35+00:00,27.793231964111328,981.166015625,3900.0
1775223470,2026-04-03 13:37:50+00:00,27.671777725219727,981.4573364257812,3900.0
1775223778,2026-04-03 13:42:58+00:00,27.32147216796875,981.4020385742188,3900.0
1775224109,2026-04-03 13:48:29+00:00,26.985631942749023,981.4764404296875,3900.0
1775224412,2026-04-03 13:53:32+00:00,26.782215118408203,981.6165161132812,3900.0
1775224730,2026-04-03 13:58:50+00:00,26.62189292907715,981.8548583984375,3900.0
1775225043,2026-04-03 14:04:03+00:00,26.51760482788086,982.00048828125,3900.0
1775225361,2026-04-03 14:09:21+00:00,26.326984405517578,982.001953125,3900.0
1775225696,2026-04-03 14:14:56+00:00,26.161819458007812,981.9230346679688,3900.0
1775226025,2026-04-03 14:20:25+00:00,26.050174713134766,981.939453125,3900.0
1775226335,2026-04-03 14:25:35+00:00,25.90781021118164,982.0462036132812,3900.0
1775226661,2026-04-03 14:31:01+00:00,25.772335052490234,982.2989501953125,3900.0
1775226961,2026-04-03 14:36:01+00:00,25.59043312072754,982.4631958007812,3900.0
1775227284,2026-04-03 14:41:24+00:00,25.45699691772461,982.5885620117188,3900.0
1775227604,2026-04-03 14:46:44+00:00,25.312557220458984,982.7413940429688,3900.0
1775227923,2026-04-03 14:52:03+00:00,25.228008270263672,982.9006958007812,3900.0
1775228246,2026-04-03 14:57:26+00:00,25.3176326751709,983.0667724609375,3900.0
1775228559,2026-04-03 15:02:39+00:00,25.36020278930664,983.2125854492188,3900.0
1775228869,2026-04-03 15:07:49+00:00,25.29404640197754,983.2694091796875,3900.0
1775229200,2026-04-03 15:13:20+00:00,25.348709106445312,983.3465576171875,3900.0
1775229518,2026-04-03 15:18:38+00:00,25.429752349853516,983.3839111328125,3900.0
1775229827,2026-04-03 15:23:47+00:00,25.426565170288086,983.4036254882812,3900.0
1775230152,2026-04-03 15:29:12+00:00,25.436832427978516,983.4708862304688,3900.0
1775230469,2026-04-03 15:34:29+00:00,25.600698471069336,983.6198120117188,3900.0
1775230785,2026-04-03 15:39:45+00:00,25.61417007446289,983.7224731445312,3900.0
1775231093,2026-04-03 15:44:53+00:00,25.340923309326172,983.7175903320312,3900.0
1775231419,2026-04-03 15:50:19+00:00,25.012746810913086,983.7470703125,3900.0
1775231723,2026-04-03 15:55:23+00:00,24.98211097717285,983.8694458007812,3900.0
1775232039,2026-04-03 16:00:39+00:00,24.988611221313477,984.0162353515625,3900.0
1775232383,2026-04-03 16:06:23+00:00,24.95718002319336,984.0966796875,3900.0
1775232700,2026-04-03 16:11:40+00:00,24.971282958984375,984.1140747070312,3900.0
1775233007,2026-04-03 16:16:47+00:00,24.94439697265625,984.142578125,3900.0
1775233327,2026-04-03 16:22:07+00:00,24.889781951904297,984.2384033203125,3900.0
1775233638,2026-04-03 16:27:18+00:00,24.790315628051758,984.3181762695312,3900.0
1775233949,2026-04-03 16:32:29+00:00,24.77033042907715,984.3817138671875,3900.0
1775234284,2026-04-03 16:38:04+00:00,24.737951278686523,984.4786987304688,3900.0
1775234597,2026-04-03 16:43:17+00:00,24.741992950439453,984.5851440429688,3900.0
1775234926,2026-04-03 16:48:46+00:00,24.7661075592041,984.6573486328125,3900.0
1775235219,2026-04-03 16:53:39+00:00,24.738632202148438,984.6892700195312,3900.0
1775235539,2026-04-03 16:58:59+00:00,24.689990997314453,984.7332153320312,3900.0
1775235867,2026-04-03 17:04:27+00:00,24.647174835205078,984.7810668945312,3900.0
1775236170,2026-04-03 17:09:30+00:00,24.604618072509766,984.8434448242188,3900.0
1775236501,2026-04-03 17:15:01+00:00,24.625320434570312,984.9944458007812,3900.0
1775236834,2026-04-03 17:20:34+00:00,24.744813919067383,985.1775512695312,3900.0
1775237132,2026-04-03 17:25:32+00:00,24.86675453186035,985.2599487304688,3900.0
1775237458,2026-04-03 17:30:58+00:00,24.94769287109375,985.2252807617188,3900.0
1775237767,2026-04-03 17:36:07+00:00,24.896656036376953,985.1285400390625,3900.0
1775238099,2026-04-03 17:41:39+00:00,24.974903106689453,985.0574340820312,3900.0
1775238416,2026-04-03 17:46:56+00:00,25.028247833251953,984.9490356445312,3900.0
1775238738,2026-04-03 17:52:18+00:00,25.25140380859375,984.8416137695312,3900.0
1775239068,2026-04-03 17:57:48+00:00,25.30243492126465,984.6890869140625,3900.0
1775239389,2026-04-03 18:03:09+00:00,25.15011978149414,984.5843505859375,3900.0
1775239705,2026-04-03 18:08:25+00:00,24.944849014282227,984.5016479492188,3900.0
1775240038,2026-04-03 18:13:58+00:00,24.84444808959961,984.52685546875,3900.0
1775240343,2026-04-03 18:19:03+00:00,24.826351165771484,984.6204223632812,3900.0
1775240666,2026-04-03 18:24:26+00:00,24.815082550048828,984.6710205078125,3900.0
1775240980,2026-04-03 18:29:40+00:00,24.77996063232422,984.5988159179688,3900.0
1775241298,2026-04-03 18:34:58+00:00,24.7945556640625,984.5357666015625,3900.0
1775241635,2026-04-03 18:40:35+00:00,24.794363021850586,984.5501708984375,3900.0
1775241941,2026-04-03 18:45:41+00:00,24.831172943115234,984.6043701171875,3900.0
1775242288,2026-04-03 18:51:28+00:00,24.8660945892334,984.6112060546875,3900.0
1775242591,2026-04-03 18:56:31+00:00,24.83017921447754,984.5553588867188,3900.0
1775242906,2026-04-03 19:01:46+00:00,24.810144424438477,984.4381713867188,3900.0
1775243242,2026-04-03 19:07:22+00:00,24.829822540283203,984.2713012695312,3900.0
1775243548,2026-04-03 19:12:28+00:00,24.825796127319336,984.1715087890625,3900.0
1775243880,2026-04-03 19:18:00+00:00,24.798778533935547,984.14111328125,3900.0
1775244185,2026-04-03 19:23:05+00:00,24.733749389648438,984.1285400390625,3900.0
1775244501,2026-04-03 19:28:21+00:00,24.694820404052734,984.0751953125,3900.0
1775244826,2026-04-03 19:33:46+00:00,24.60247802734375,983.9739379882812,3900.0
1775245142,2026-04-03 19:39:02+00:00,24.544878005981445,983.9386596679688,3900.0
1775245473,2026-04-03 19:44:33+00:00,24.508907318115234,984.0098876953125,3900.0
1775245783,2026-04-03 19:49:43+00:00,24.493549346923828,984.1832885742188,3900.0
1775246102,2026-04-03 19:55:02+00:00,24.635696411132812,984.4299926757812,3900.0
1775246409,2026-04-03 20:00:09+00:00,24.875986099243164,984.54638671875,3900.0
1775246733,2026-04-03 20:05:33+00:00,25.26426887512207,984.6431884765625,3900.0
1775247067,2026-04-03 20:11:07+00:00,25.396669387817383,984.5252685546875,3900.0
1775247386,2026-04-03 20:16:26+00:00,25.373804092407227,984.37548828125,3900.0
1775247717,2026-04-03 20:21:57+00:00,25.290283203125,984.2293701171875,3900.0
1775248029,2026-04-03 20:27:09+00:00,25.3315372467041,984.17822265625,3900.0
1775248353,2026-04-03 20:32:33+00:00,25.517704010009766,984.1104736328125,3900.0
1775248673,2026-04-03 20:37:53+00:00,25.727991104125977,984.0009765625,3900.0
1775248998,2026-04-03 20:43:18+00:00,25.860403060913086,983.8831787109375,3900.0
1775249310,2026-04-03 20:48:30+00:00,25.65299415588379,983.6541748046875,3900.0
1775249630,2026-04-03 20:53:50+00:00,25.754053115844727,983.5758056640625,3900.0
1775249951,2026-04-03 20:59:11+00:00,25.635751724243164,983.4267578125,3900.0
1775250284,2026-04-03 21:04:44+00:00,25.23695182800293,983.1439208984375,3900.0
1775250615,2026-04-03 21:10:15+00:00,25.043657302856445,982.9263916015625,3900.0
1775250913,2026-04-03 21:15:13+00:00,24.899892807006836,982.8411254882812,3900.0
1775251228,2026-04-03 21:20:28+00:00,24.787202835083008,982.8928833007812,3900.0
1775251546,2026-04-03 21:25:46+00:00,24.7278995513916,983.0856323242188,3900.0
1775251884,2026-04-03 21:31:24+00:00,24.664440155029297,983.2630615234375,3900.0
1775252195,2026-04-03 21:36:35+00:00,24.621423721313477,983.2247924804688,3900.0
1775252518,2026-04-03 21:41:58+00:00,24.54410171508789,983.1146240234375,3900.0
1775252855,2026-04-03 21:47:35+00:00,24.430477142333984,982.9812622070312,3900.0
1775253175,2026-04-03 21:52:55+00:00,24.344453811645508,982.93505859375,3900.0
1775253508,2026-04-03 21:58:28+00:00,24.277585983276367,982.9869384765625,3900.0
1775253797,2026-04-03 22:03:17+00:00,24.179683685302734,983.00341796875,3900.0
1775254113,2026-04-03 22:08:33+00:00,24.14799690246582,982.9630737304688,3900.0
1775254421,2026-04-03 22:13:41+00:00,24.02370262145996,982.8800048828125,3900.0
1775254750,2026-04-03 22:19:10+00:00,23.960506439208984,982.8719482421875,3900.0
1775255074,2026-04-03 22:24:34+00:00,23.974557876586914,982.88623046875,3900.0
1775255397,2026-04-03 22:29:57+00:00,23.944141387939453,982.8606567382812,3900.0
1775255728,2026-04-03 22:35:28+00:00,23.84029769897461,982.8196411132812,3900.0
1775256040,2026-04-03 22:40:40+00:00,23.868595123291016,982.8497314453125,3900.0
1775256354,2026-04-03 22:45:54+00:00,23.927104949951172,982.8826904296875,3900.0
1775256687,2026-04-03 22:51:27+00:00,23.95969581604004,982.83154296875,3900.0
1775257000,2026-04-03 22:56:40+00:00,23.889480590820312,982.7373046875,3900.0
1775257335,2026-04-03 23:02:15+00:00,23.829071044921875,982.6061401367188,3900.0
1775257638,2026-04-03 23:07:18+00:00,23.80491065979004,982.5185546875,3900.0
1775257939,2026-04-03 23:12:19+00:00,23.762380599975586,982.4451904296875,3900.0
1775258251,2026-04-03 23:17:31+00:00,23.748397827148438,982.3494873046875,3900.0
1775258582,2026-04-03 23:23:02+00:00,23.62898063659668,982.2214965820312,3900.0
1775258892,2026-04-03 23:28:12+00:00,23.57712173461914,982.1778564453125,3900.0
1775259216,2026-04-03 23:33:36+00:00,23.479890823364258,982.2547607421875,3900.0
1775259525,2026-04-03 23:38:45+00:00,23.420516967773438,982.3170166015625,3900.0
1775259855,2026-04-03 23:44:15+00:00,23.510814666748047,982.3204956054688,3900.0
1775260172,2026-04-03 23:49:32+00:00,23.452377319335938,982.2545166015625,3900.0
1775260504,2026-04-03 23:55:04+00:00,23.519451141357422,982.1707763671875,3900.0
1775260829,2026-04-04 00:00:29+00:00,23.48087501525879,982.0866088867188,3900.0
1775261151,2026-04-04 00:05:51+00:00,23.22454833984375,982.0450439453125,3900.0
1775261460,2026-04-04 00:11:00+00:00,23.106311798095703,982.1139526367188,3900.0
1775261803,2026-04-04 00:16:43+00:00,22.984577178955078,982.142578125,3900.0
1775262120,2026-04-04 00:22:00+00:00,22.935283660888672,982.3211669921875,3900.0
1775262423,2026-04-04 00:27:03+00:00,22.952884674072266,982.4703979492188,3900.0
1775262724,2026-04-04 00:32:04+00:00,23.056306838989258,982.4708251953125,3900.0
1775263044,2026-04-04 00:37:24+00:00,23.136274337768555,982.4095458984375,3900.0
1775263367,2026-04-04 00:42:47+00:00,23.159025192260742,982.4378662109375,3900.0
1775263700,2026-04-04 00:48:20+00:00,23.1887149810791,982.4900512695312,3900.0
1775264005,2026-04-04 00:53:25+00:00,23.189208984375,982.49853515625,3900.0
1775264326,2026-04-04 00:58:46+00:00,23.19158935546875,982.4925537109375,3900.0
1775264653,2026-04-04 01:04:13+00:00,23.162363052368164,982.5032958984375,3900.0
1775264961,2026-04-04 01:09:21+00:00,23.1529541015625,982.5140380859375,3900.0
1775265288,2026-04-04 01:14:48+00:00,23.100597381591797,982.5169067382812,3900.0
1775265627,2026-04-04 01:20:27+00:00,23.10927963256836,982.5657348632812,3900.0
1775265930,2026-04-04 01:25:30+00:00,23.12502670288086,982.5881958007812,3900.0
1775266253,2026-04-04 01:30:53+00:00,23.090768814086914,982.544921875,3900.0
1775266558,2026-04-04 01:35:58+00:00,22.97735595703125,982.4886474609375,3900.0
1775266879,2026-04-04 01:41:19+00:00,22.98430633544922,982.5086669921875,3900.0
1775267194,2026-04-04 01:46:34+00:00,22.987648010253906,982.5368041992188,3900.0
1775267514,2026-04-04 01:51:54+00:00,23.241680145263672,982.6212158203125,3900.0
1775267858,2026-04-04 01:57:38+00:00,23.365440368652344,982.6741943359375,3900.0
1775268176,2026-04-04 02:02:56+00:00,23.217086791992188,982.6668090820312,3900.0
1775268495,2026-04-04 02:08:15+00:00,23.056880950927734,982.6998291015625,3900.0
1775268835,2026-04-04 02:13:55+00:00,22.933008193969727,982.84375,3900.0
1775269135,2026-04-04 02:18:55+00:00,22.883941650390625,982.9259033203125,3900.0
1775269453,2026-04-04 02:24:13+00:00,22.848163604736328,982.9376220703125,3900.0
1775269801,2026-04-04 02:30:01+00:00,22.85322380065918,982.9111328125,3900.0
1775270093,2026-04-04 02:34:53+00:00,22.873531341552734,982.9453125,3900.0
1775270400,2026-04-04 02:40:00+00:00,22.914793014526367,983.0524291992188,3900.0
1775270713,2026-04-04 02:45:13+00:00,22.96404266357422,983.1475830078125,3900.0
1775271033,2026-04-04 02:50:33+00:00,23.014690399169922,983.2199096679688,3900.0
1775271369,2026-04-04 02:56:09+00:00,23.14936637878418,983.3441162109375,3900.0
1775271692,2026-04-04 03:01:32+00:00,23.264999389648438,983.5037231445312,3900.0
1775272015,2026-04-04 03:06:55+00:00,23.38150978088379,983.7097778320312,3900.0
1775272325,2026-04-04 03:12:05+00:00,23.43367576599121,983.7886962890625,3900.0
1775272640,2026-04-04 03:17:20+00:00,23.655122756958008,983.8226318359375,3900.0
1775272931,2026-04-04 03:22:11+00:00,23.78833770751953,983.8366088867188,3900.0
1775273255,2026-04-04 03:27:35+00:00,23.911035537719727,983.8763427734375,3900.0
1775273599,2026-04-04 03:33:19+00:00,24.140811920166016,984.09619140625,3900.0
1775273904,2026-04-04 03:38:24+00:00,24.43071174621582,984.44970703125,3900.0
1775274220,2026-04-04 03:43:40+00:00,24.783870697021484,984.8619384765625,3900.0
1775274537,2026-04-04 03:48:57+00:00,25.309513092041016,985.3380126953125,3900.0
1775274860,2026-04-04 03:54:20+00:00,26.032588958740234,985.6458129882812,3900.0
1775275179,2026-04-04 03:59:39+00:00,26.42230224609375,985.6754150390625,3900.0
1775275513,2026-04-04 04:05:13+00:00,26.74076271057129,985.5870361328125,3900.0
1775275839,2026-04-04 04:10:39+00:00,26.986072540283203,985.1263427734375,3900.0
1775276154,2026-04-04 04:15:54+00:00,26.886104583740234,984.3468017578125,3900.0
1775276475,2026-04-04 04:21:15+00:00,26.696823120117188,983.6629028320312,3900.0
1775276799,2026-04-04 04:26:39+00:00,27.05198097229004,984.0475463867188,3900.0
1775277109,2026-04-04 04:31:49+00:00,27.46567726135254,985.0641479492188,3900.0
1775277423,2026-04-04 04:37:03+00:00,27.529266357421875,985.2171020507812,3900.0
1775277758,2026-04-04 04:42:38+00:00,27.696945190429688,984.6923828125,3900.0
1775278067,2026-04-04 04:47:47+00:00,27.784622192382812,984.3445434570312,3900.0
1775278380,2026-04-04 04:53:00+00:00,27.708663940429688,984.1324462890625,3900.0
1775278689,2026-04-04 04:58:09+00:00,27.523025512695312,983.8150634765625,3900.0
1775279002,2026-04-04 05:03:22+00:00,27.35605812072754,983.5018310546875,3900.0
1775279332,2026-04-04 05:08:52+00:00,26.976511001586914,983.1644287109375,3900.0
1775279655,2026-04-04 05:14:15+00:00,26.778900146484375,983.2722778320312,3900.0
1775279972,2026-04-04 05:19:32+00:00,26.70107078552246,983.64794921875,3900.0
1775280294,2026-04-04 05:24:54+00:00,26.756521224975586,984.25927734375,3900.0
1775280598,2026-04-04 05:29:58+00:00,26.957996368408203,984.7821044921875,3900.0
1775280928,2026-04-04 05:35:28+00:00,27.2954044342041,984.9661254882812,3900.0
1775281255,2026-04-04 05:40:55+00:00,27.521656036376953,984.9638671875,3900.0
1775281574,2026-04-04 05:46:14+00:00,27.625015258789062,984.9328002929688,3900.0
1775281879,2026-04-04 05:51:19+00:00,27.68019676208496,984.8616333007812,3900.0
1775282204,2026-04-04 05:56:44+00:00,27.743398666381836,984.7435302734375,3900.0
1775282524,2026-04-04 06:02:04+00:00,27.906763076782227,984.6775512695312,3900.0
1775282833,2026-04-04 06:07:13+00:00,28.016530990600586,984.6463012695312,3900.0
1775283159,2026-04-04 06:12:39+00:00,28.140737533569336,984.8600463867188,3900.0
1775283481,2026-04-04 06:18:01+00:00,28.5841007232666,985.75830078125,3900.0
1775283797,2026-04-04 06:23:17+00:00,29.028329849243164,986.3033447265625,3900.0
1775284138,2026-04-04 06:28:58+00:00,29.49765396118164,986.2619018554688,3900.0
1775284442,2026-04-04 06:34:02+00:00,29.965084075927734,986.1500244140625,3900.0
1775284760,2026-04-04 06:39:20+00:00,30.348398208618164,985.8517456054688,3900.0
1775285087,2026-04-04 06:44:47+00:00,30.698251724243164,985.35302734375,3900.0
1775285415,2026-04-04 06:50:15+00:00,30.95768165588379,985.1005859375,3900.0
1775285744,2026-04-04 06:55:44+00:00,31.123291015625,984.8445434570312,3900.0
1775286059,2026-04-04 07:00:59+00:00,31.277658462524414,984.5715942382812,3800.0
1775286376,2026-04-04 07:06:16+00:00,31.502941131591797,984.4649658203125,3800.0
1775286697,2026-04-04 07:11:37+00:00,31.636241912841797,984.27099609375,3800.0
1775287015,2026-04-04 07:16:55+00:00,31.64607810974121,983.9100341796875,3800.0
1775287315,2026-04-04 07:21:55+00:00,31.796199798583984,983.8924560546875,3800.0
1775287623,2026-04-04 07:27:03+00:00,31.991369247436523,983.93359375,3800.0
1775287941,2026-04-04 07:32:21+00:00,32.12920379638672,983.91357421875,3800.0
1775288262,2026-04-04 07:37:42+00:00,32.155860900878906,983.72802734375,3800.0
1775288582,2026-04-04 07:43:02+00:00,32.15838623046875,983.3030395507812,3800.0
1775288870,2026-04-04 07:47:50+00:00,32.10715866088867,983.1600341796875,3800.0
1775289193,2026-04-04 07:53:13+00:00,32.533485412597656,983.5681762695312,3800.0
1775289511,2026-04-04 07:58:31+00:00,32.684776306152344,983.57275390625,3800.0
1775289840,2026-04-04 08:04:00+00:00,32.664608001708984,983.22509765625,3800.0
1775290162,2026-04-04 08:09:22+00:00,32.537193298339844,982.7725830078125,3800.0
1775290499,2026-04-04 08:14:59+00:00,32.55604553222656,982.4901123046875,3800.0
1775290822,2026-04-04 08:20:22+00:00,32.50171661376953,982.5115966796875,3800.0
1775291143,2026-04-04 08:25:43+00:00,32.44209671020508,982.38134765625,3800.0
1775291435,2026-04-04 08:30:35+00:00,32.33643341064453,982.56103515625,3800.0
1775291764,2026-04-04 08:36:04+00:00,32.17204666137695,982.7593994140625,3800.0
1775292091,2026-04-04 08:41:31+00:00,32.12145233154297,982.7552490234375,3800.0
1775292409,2026-04-04 08:46:49+00:00,32.175567626953125,982.5945434570312,3800.0
1775292742,2026-04-04 08:52:22+00:00,32.27693557739258,982.4078369140625,3800.0
1775293051,2026-04-04 08:57:31+00:00,32.330589294433594,982.5333862304688,3800.0
1775293371,2026-04-04 09:02:51+00:00,32.575416564941406,982.94140625,3800.0
1775293692,2026-04-04 09:08:12+00:00,32.948760986328125,982.9646606445312,3800.0
1775294039,2026-04-04 09:13:59+00:00,33.36693572998047,982.7198486328125,3800.0
1775294355,2026-04-04 09:19:15+00:00,33.63813018798828,982.69189453125,3800.0
1775294694,2026-04-04 09:24:54+00:00,33.60749816894531,983.3982543945312,3800.0
1775294996,2026-04-04 09:29:56+00:00,34.04768753051758,985.6016845703125,3800.0
1775295318,2026-04-04 09:35:18+00:00,37.38339614868164,989.4304809570312,3800.0
1775295642,2026-04-04 09:40:42+00:00,44.763999938964844,994.8850708007812,3800.0
1775295958,2026-04-04 09:45:58+00:00,48.66193389892578,994.0940551757812,3800.0
1775296286,2026-04-04 09:51:26+00:00,49.653907775878906,988.6676635742188,3800.0
1775296590,2026-04-04 09:56:30+00:00,48.472347259521484,983.3524169921875,3800.0
1775296901,2026-04-04 10:01:41+00:00,46.877891540527344,979.1348876953125,3800.0
1775297239,2026-04-04 10:07:19+00:00,45.886192321777344,978.8776245117188,3800.0
1775297539,2026-04-04 10:12:19+00:00,45.14509963989258,979.5189208984375,3800.0
1775297864,2026-04-04 10:17:44+00:00,42.60787582397461,977.0476684570312,3800.0
1775298152,2026-04-04 10:22:32+00:00,39.747337341308594,974.6110229492188,3800.0
1775298473,2026-04-04 10:27:53+00:00,37.414817810058594,974.103515625,3800.0
1775298809,2026-04-04 10:33:29+00:00,35.774925231933594,975.8777465820312,3800.0
1775299112,2026-04-04 10:38:32+00:00,35.39238357543945,978.0076293945312,3800.0
1775299429,2026-04-04 10:43:49+00:00,35.79576873779297,980.44970703125,3800.0
1775299732,2026-04-04 10:48:52+00:00,36.75901794433594,983.3504638671875,3800.0
1775300044,2026-04-04 10:54:04+00:00,37.12660598754883,984.0177001953125,3800.0
1775300351,2026-04-04 10:59:11+00:00,36.77952194213867,982.1412353515625,3800.0
1775300679,2026-04-04 11:04:39+00:00,36.34309768676758,979.7337646484375,3800.0
1775300993,2026-04-04 11:09:53+00:00,36.342037200927734,980.10693359375,3800.0
1775301321,2026-04-04 11:15:21+00:00,36.235782623291016,981.2802734375,3800.0
1775301639,2026-04-04 11:20:39+00:00,35.983306884765625,981.1209716796875,3800.0
1775301958,2026-04-04 11:25:58+00:00,35.69877243041992,981.0013427734375,3800.0
1775302286,2026-04-04 11:31:26+00:00,35.574623107910156,981.39990234375,3800.0
1775302618,2026-04-04 11:36:58+00:00,35.608787536621094,981.52880859375,3800.0
1775302928,2026-04-04 11:42:08+00:00,35.401153564453125,980.7151489257812,3800.0
1775303264,2026-04-04 11:47:44+00:00,35.42074203491211,980.5404052734375,3800.0
1775303588,2026-04-04 11:53:08+00:00,35.96652603149414,982.4392700195312,3800.0
1775303927,2026-04-04 11:58:47+00:00,37.60352325439453,985.8152465820312,3800.0
1775304250,2026-04-04 12:04:10+00:00,38.765438079833984,986.0730590820312,3800.0
1775304557,2026-04-04 12:09:17+00:00,39.26445388793945,984.65185546875,3800.0
1775304882,2026-04-04 12:14:42+00:00,39.838687896728516,984.3482666015625,3800.0
1775305217,2026-04-04 12:20:17+00:00,41.03087615966797,985.6736450195312,3800.0
1775305519,2026-04-04 12:25:19+00:00,41.386722564697266,983.79296875,3800.0
1775305848,2026-04-04 12:30:48+00:00,40.31909942626953,979.7766723632812,3800.0
1775306153,2026-04-04 12:35:53+00:00,40.20454788208008,980.8509521484375,3800.0
1775306475,2026-04-04 12:41:15+00:00,41.270835876464844,983.7575073242188,3800.0
1775306785,2026-04-04 12:46:25+00:00,42.130470275878906,984.7648315429688,3800.0
1775307110,2026-04-04 12:51:50+00:00,43.570526123046875,986.16748046875,3800.0
1775307436,2026-04-04 12:57:16+00:00,44.09324264526367,984.4456787109375,3800.0
1775307741,2026-04-04 13:02:21+00:00,43.2627067565918,981.03759765625,3800.0
1775308082,2026-04-04 13:08:02+00:00,42.161460876464844,979.9143676757812,3800.0
1775308399,2026-04-04 13:13:19+00:00,41.56859588623047,980.2208862304688,3800.0
1775308715,2026-04-04 13:18:35+00:00,41.02518081665039,979.9113159179688,3800.0
1775309049,2026-04-04 13:24:09+00:00,40.417396545410156,979.2069091796875,3800.0
1775309350,2026-04-04 13:29:10+00:00,39.706241607666016,978.8177490234375,3800.0
1775309681,2026-04-04 13:34:41+00:00,38.815834045410156,979.0880737304688,3800.0
1775309989,2026-04-04 13:39:49+00:00,38.29639434814453,979.2750244140625,3800.0
1775310301,2026-04-04 13:45:01+00:00,37.21979904174805,977.7269287109375,3800.0
1775310635,2026-04-04 13:50:35+00:00,35.218528747558594,975.3112182617188,3800.0
1775310942,2026-04-04 13:55:42+00:00,33.59846878051758,974.8189697265625,3800.0
1775311264,2026-04-04 14:01:04+00:00,32.406089782714844,975.5399169921875,3800.0
1775311603,2026-04-04 14:06:43+00:00,31.34271240234375,977.0553588867188,3800.0
1775311900,2026-04-04 14:11:40+00:00,30.750652313232422,978.0264892578125,3800.0
1775312217,2026-04-04 14:16:57+00:00,30.06145668029785,978.1529541015625,3800.0
1775312565,2026-04-04 14:22:45+00:00,29.198532104492188,978.4664306640625,3800.0
1775312874,2026-04-04 14:27:54+00:00,28.699382781982422,979.0789794921875,3800.0
1775313200,2026-04-04 14:33:20+00:00,28.283788681030273,979.8118896484375,3800.0
1775313504,2026-04-04 14:38:24+00:00,27.95973777770996,980.2127685546875,3800.0
1775313825,2026-04-04 14:43:45+00:00,27.7081298828125,980.5234375,3800.0
1775314159,2026-04-04 14:49:19+00:00,27.536701202392578,980.9485473632812,3800.0
1775314472,2026-04-04 14:54:32+00:00,27.434101104736328,981.3143310546875,3800.0
1775314781,2026-04-04 14:59:41+00:00,27.453882217407227,981.7041015625,3800.0
1775315096,2026-04-04 15:04:56+00:00,27.427043914794922,981.8839111328125,3800.0
1775315421,2026-04-04 15:10:21+00:00,27.254858016967773,981.9844970703125,3800.0
1775315738,2026-04-04 15:15:38+00:00,27.160696029663086,981.9938354492188,3800.0
1775316045,2026-04-04 15:20:45+00:00,27.036426544189453,982.0162353515625,3800.0
1775316372,2026-04-04 15:26:12+00:00,27.014999389648438,982.1394653320312,3800.0
1775316693,2026-04-04 15:31:33+00:00,26.885467529296875,982.2027587890625,3800.0
1775317022,2026-04-04 15:37:02+00:00,26.48165512084961,982.3204345703125,3800.0
1775317337,2026-04-04 15:42:17+00:00,26.249515533447266,982.47412109375,3800.0
1775317665,2026-04-04 15:47:45+00:00,26.118106842041016,982.6398315429688,3800.0
1775317978,2026-04-04 15:52:58+00:00,26.067882537841797,982.7244262695312,3800.0
1775318299,2026-04-04 15:58:19+00:00,25.94626235961914,982.7919921875,3800.0
1775318599,2026-04-04 16:03:19+00:00,25.8496036529541,982.85595703125,3800.0
1775318929,2026-04-04 16:08:49+00:00,25.762964248657227,982.8729248046875,3800.0
1775319258,2026-04-04 16:14:18+00:00,25.651968002319336,982.8756103515625,3800.0
1775319569,2026-04-04 16:19:29+00:00,25.52687644958496,982.9166259765625,3800.0
1775319891,2026-04-04 16:24:51+00:00,25.601985931396484,983.1015625,3800.0
1775320206,2026-04-04 16:30:06+00:00,25.53423309326172,983.1834716796875,3800.0
1775320531,2026-04-04 16:35:31+00:00,25.309301376342773,983.15869140625,3800.0
1775320849,2026-04-04 16:40:49+00:00,25.266765594482422,983.15478515625,3800.0
1775321169,2026-04-04 16:46:09+00:00,25.210445404052734,983.2088012695312,3800.0
1775321497,2026-04-04 16:51:37+00:00,25.190481185913086,983.3204345703125,3800.0
1775321815,2026-04-04 16:56:55+00:00,25.03487777709961,983.4191284179688,3800.0
1775322144,2026-04-04 17:02:24+00:00,24.95307159423828,983.4293823242188,3800.0
1775322464,2026-04-04 17:07:44+00:00,24.913240432739258,983.4075317382812,3800.0
1775322798,2026-04-04 17:13:18+00:00,24.773733139038086,983.41455078125,3800.0
1775323104,2026-04-04 17:18:24+00:00,24.643657684326172,983.47265625,3800.0
1775323433,2026-04-04 17:23:53+00:00,24.537776947021484,983.6062622070312,3800.0
1775323769,2026-04-04 17:29:29+00:00,24.4974308013916,983.7906494140625,3800.0
1775324079,2026-04-04 17:34:39+00:00,24.500093460083008,983.9180908203125,3800.0
1775324404,2026-04-04 17:40:04+00:00,24.487356185913086,984.0379638671875,3800.0
1775324711,2026-04-04 17:45:11+00:00,24.435569763183594,984.11962890625,3800.0
1775325024,2026-04-04 17:50:24+00:00,24.456260681152344,984.1710205078125,3800.0
1775325348,2026-04-04 17:55:48+00:00,24.543245315551758,984.1828002929688,3800.0
1775325656,2026-04-04 18:00:56+00:00,24.580930709838867,984.1624755859375,3800.0
1775325970,2026-04-04 18:06:10+00:00,24.503337860107422,984.0558471679688,3800.0
1775326286,2026-04-04 18:11:26+00:00,24.37903594970703,983.93603515625,3800.0
1775326612,2026-04-04 18:16:52+00:00,24.331096649169922,983.9840698242188,3800.0
1775326915,2026-04-04 18:21:55+00:00,24.276782989501953,984.0391845703125,3800.0
1775327220,2026-04-04 18:27:00+00:00,24.261632919311523,984.05810546875,3800.0
1775327562,2026-04-04 18:32:42+00:00,24.247264862060547,984.0791015625,3800.0
1775327863,2026-04-04 18:37:43+00:00,24.198421478271484,984.0841064453125,3800.0
1775328179,2026-04-04 18:42:59+00:00,24.168790817260742,984.0925903320312,3800.0
1775328510,2026-04-04 18:48:30+00:00,24.076751708984375,984.1429443359375,3800.0
1775328818,2026-04-04 18:53:38+00:00,24.092924118041992,984.2233276367188,3800.0
1775329130,2026-04-04 18:58:50+00:00,24.063661575317383,984.2513427734375,3800.0
1775329440,2026-04-04 19:04:00+00:00,23.965421676635742,984.2481689453125,3800.0
1775329753,2026-04-04 19:09:13+00:00,23.978294372558594,984.2506103515625,3800.0
1775330106,2026-04-04 19:15:06+00:00,24.018999099731445,984.2166748046875,3800.0
1775330408,2026-04-04 19:20:08+00:00,24.05769920349121,984.2428588867188,3800.0
1775330725,2026-04-04 19:25:25+00:00,24.0623836517334,984.2883911132812,3800.0
1775331052,2026-04-04 19:30:52+00:00,24.0593318939209,984.3679809570312,3800.0
1775331370,2026-04-04 19:36:10+00:00,24.131107330322266,984.4129638671875,3800.0
1775331689,2026-04-04 19:41:29+00:00,24.13753318786621,984.4117431640625,3800.0
1775332028,2026-04-04 19:47:08+00:00,24.207826614379883,984.4671630859375,3800.0
1775332350,2026-04-04 19:52:30+00:00,24.353015899658203,984.5075073242188,3800.0
1775332684,2026-04-04 19:58:04+00:00,24.535900115966797,984.4812622070312,3800.0
1775332994,2026-04-04 20:03:14+00:00,24.46835708618164,984.4122924804688,3800.0
1775333310,2026-04-04 20:08:30+00:00,24.33603286743164,984.3707885742188,3800.0
1775333646,2026-04-04 20:14:06+00:00,24.38754653930664,984.3927001953125,3800.0
1775333951,2026-04-04 20:19:11+00:00,24.493988037109375,984.4212646484375,3800.0
1775334267,2026-04-04 20:24:27+00:00,24.539865493774414,984.4080810546875,3800.0
1775334583,2026-04-04 20:29:43+00:00,24.47194480895996,984.3494262695312,3800.0
1775334900,2026-04-04 20:35:00+00:00,24.437549591064453,984.337890625,3800.0
1775335245,2026-04-04 20:40:45+00:00,24.476821899414062,984.3693237304688,3800.0
1775335556,2026-04-04 20:45:56+00:00,24.61440086364746,984.4308471679688,3800.0
1775335875,2026-04-04 20:51:15+00:00,24.690534591674805,984.42236328125,3800.0
1775336187,2026-04-04 20:56:27+00:00,24.606101989746094,984.2659301757812,3800.0
1775336503,2026-04-04 21:01:43+00:00,24.58345603942871,984.1365966796875,3800.0
1775336827,2026-04-04 21:07:07+00:00,24.672800064086914,984.0921020507812,3800.0
1775337137,2026-04-04 21:12:17+00:00,24.70669937133789,984.0025634765625,3800.0
1775337450,2026-04-04 21:17:30+00:00,24.532550811767578,983.8108520507812,3800.0
1775337748,2026-04-04 21:22:28+00:00,24.465490341186523,983.6322021484375,3800.0
1775338065,2026-04-04 21:27:45+00:00,24.433284759521484,983.4934692382812,3800.0
1775338376,2026-04-04 21:32:56+00:00,24.333696365356445,983.3770751953125,3800.0
1775338716,2026-04-04 21:38:36+00:00,24.157032012939453,983.2286376953125,3800.0
1775339051,2026-04-04 21:44:11+00:00,23.972225189208984,983.1796875,3800.0
1775339350,2026-04-04 21:49:10+00:00,23.826047897338867,983.1912231445312,3800.0
1775339686,2026-04-04 21:54:46+00:00,23.96530532836914,983.3135986328125,3800.0
1775339995,2026-04-04 21:59:55+00:00,23.872211456298828,983.3590698242188,3800.0
1775340328,2026-04-04 22:05:28+00:00,23.551616668701172,983.4562377929688,3800.0
1775340640,2026-04-04 22:10:40+00:00,23.51194190979004,983.6722412109375,3800.0
1775340960,2026-04-04 22:16:00+00:00,23.489673614501953,983.8425903320312,3800.0
1775341291,2026-04-04 22:21:31+00:00,23.568944931030273,983.8099365234375,3800.0
1775341624,2026-04-04 22:27:04+00:00,23.540115356445312,983.6575927734375,3800.0
1775341929,2026-04-04 22:32:09+00:00,23.429798126220703,983.6351318359375,3800.0
1775342259,2026-04-04 22:37:39+00:00,23.37179183959961,983.73291015625,3800.0
1775342562,2026-04-04 22:42:42+00:00,23.338109970092773,983.7991943359375,3800.0
1775342900,2026-04-04 22:48:20+00:00,23.36098861694336,983.8570556640625,3800.0
1775343205,2026-04-04 22:53:25+00:00,23.39209747314453,983.8981323242188,3800.0
1775343510,2026-04-04 22:58:30+00:00,23.363615036010742,983.9405517578125,3800.0
1775343838,2026-04-04 23:03:58+00:00,23.313220977783203,984.27197265625,3800.0
1775344171,2026-04-04 23:09:31+00:00,23.41211700439453,984.6535034179688,3800.0
1775344490,2026-04-04 23:14:50+00:00,23.53274917602539,984.6326293945312,3800.0
1775344827,2026-04-04 23:20:27+00:00,23.519424438476562,984.2955322265625,3800.0
1775345133,2026-04-04 23:25:33+00:00,23.391443252563477,984.0528564453125,3800.0
1775345449,2026-04-04 23:30:49+00:00,23.34808349609375,983.9375,3800.0
1775345798,2026-04-04 23:36:38+00:00,23.321407318115234,983.9271240234375,3800.0
1775346098,2026-04-04 23:41:38+00:00,23.30105209350586,983.9674682617188,3800.0
1775346415,2026-04-04 23:46:55+00:00,23.283235549926758,984.0359497070312,3800.0
1775346764,2026-04-04 23:52:44+00:00,23.326828002929688,984.1096801757812,3800.0
1775347068,2026-04-04 23:57:48+00:00,23.384431838989258,984.1409912109375,3800.0
1775347388,2026-04-05 00:03:08+00:00,23.54969024658203,984.1697387695312,3800.0
1775347693,2026-04-05 00:08:13+00:00,23.741962432861328,984.1519775390625,3800.0
1775348008,2026-04-05 00:13:28+00:00,23.796672821044922,984.0872802734375,3800.0
1775348350,2026-04-05 00:19:10+00:00,23.644275665283203,983.9533081054688,3800.0
1775348661,2026-04-05 00:24:21+00:00,23.68597412109375,983.8994140625,3800.0
1775348995,2026-04-05 00:29:55+00:00,23.745952606201172,983.8522338867188,3800.0
1775349296,2026-04-05 00:34:56+00:00,23.74270248413086,983.7703857421875,3800.0
1775349613,2026-04-05 00:40:13+00:00,23.718334197998047,983.6209106445312,3800.0
1775349939,2026-04-05 00:45:39+00:00,23.685155868530273,983.5382080078125,3800.0
1775350265,2026-04-05 00:51:05+00:00,23.668441772460938,983.5552978515625,3800.0
1775350585,2026-04-05 00:56:25+00:00,23.68968963623047,983.5338134765625,3800.0
1775350896,2026-04-05 01:01:36+00:00,23.595304489135742,983.3795166015625,3800.0
1775351226,2026-04-05 01:07:06+00:00,23.58301544189453,983.2844848632812,3800.0
1775351546,2026-04-05 01:12:26+00:00,23.51860809326172,983.2464599609375,3800.0
1775351868,2026-04-05 01:17:48+00:00,23.34651756286621,983.2384643554688,3800.0
1775352181,2026-04-05 01:23:01+00:00,23.227970123291016,983.251953125,3800.0
1775352494,2026-04-05 01:28:14+00:00,23.077848434448242,983.33984375,3800.0
1775352818,2026-04-05 01:33:38+00:00,23.036815643310547,983.4195556640625,3800.0
1775353131,2026-04-05 01:38:51+00:00,22.92508888244629,983.4299926757812,3800.0
1775353454,2026-04-05 01:44:14+00:00,22.876407623291016,983.5008544921875,3800.0
1775353770,2026-04-05 01:49:30+00:00,22.841045379638672,983.6217651367188,3800.0
1775354077,2026-04-05 01:54:37+00:00,22.75730323791504,983.7308349609375,3800.0
1775354402,2026-04-05 02:00:02+00:00,22.82479476928711,983.9319458007812,3800.0
1775354716,2026-04-05 02:05:16+00:00,22.851442337036133,984.0651245117188,3800.0
1775355040,2026-04-05 02:10:40+00:00,22.852420806884766,984.1370239257812,3800.0
1775355362,2026-04-05 02:16:02+00:00,22.873964309692383,984.1052856445312,3800.0
1775355671,2026-04-05 02:21:11+00:00,22.81671142578125,984.0418701171875,3800.0
1775356012,2026-04-05 02:26:52+00:00,22.836360931396484,984.1053466796875,3800.0
1775356321,2026-04-05 02:32:01+00:00,22.841524124145508,984.2330932617188,3800.0
1775356638,2026-04-05 02:37:18+00:00,22.874874114990234,984.3133544921875,3800.0
1775356973,2026-04-05 02:42:53+00:00,22.896665573120117,984.3206176757812,3800.0
1775357279,2026-04-05 02:47:59+00:00,22.926671981811523,984.3727416992188,3800.0
1775357596,2026-04-05 02:53:16+00:00,23.126928329467773,984.5305786132812,3800.0
1775357900,2026-04-05 02:58:20+00:00,23.3057804107666,984.7527465820312,3800.0
1775358219,2026-04-05 03:03:39+00:00,23.339130401611328,984.8513793945312,3800.0
1775358518,2026-04-05 03:08:38+00:00,23.16933250427246,984.8740234375,3800.0
1775358838,2026-04-05 03:13:58+00:00,23.345722198486328,984.9962158203125,3800.0
1775359174,2026-04-05 03:19:34+00:00,23.839576721191406,985.12451171875,3800.0
1775359483,2026-04-05 03:24:43+00:00,23.94272804260254,985.0657958984375,3800.0
1775359815,2026-04-05 03:30:15+00:00,23.718313217163086,984.9573974609375,3800.0
1775360129,2026-04-05 03:35:29+00:00,23.65031623840332,985.02490234375,3800.0
1775360451,2026-04-05 03:40:51+00:00,23.701656341552734,985.1878051757812,3800.0
1775360760,2026-04-05 03:46:00+00:00,23.86029052734375,985.3102416992188,3800.0
1775361064,2026-04-05 03:51:04+00:00,24.020084381103516,985.4188232421875,3800.0
1775361384,2026-04-05 03:56:24+00:00,24.189655303955078,985.4718627929688,3800.0
1775361715,2026-04-05 04:01:55+00:00,24.447338104248047,985.57177734375,3800.0
1775362027,2026-04-05 04:07:07+00:00,24.72595977783203,985.78857421875,3800.0
1775362358,2026-04-05 04:12:38+00:00,25.219539642333984,986.2732543945312,3800.0
1775362648,2026-04-05 04:17:28+00:00,25.652477264404297,986.6763916015625,3800.0
1775362970,2026-04-05 04:22:50+00:00,26.16598892211914,986.9993896484375,3800.0
1775363256,2026-04-05 04:27:36+00:00,26.58766746520996,987.1558837890625,3800.0
1775363583,2026-04-05 04:33:03+00:00,26.9709415435791,986.9044799804688,3800.0
1775363907,2026-04-05 04:38:27+00:00,27.082019805908203,986.0543823242188,3800.0
1775364221,2026-04-05 04:43:41+00:00,27.005146026611328,985.466796875,3800.0
1775364542,2026-04-05 04:49:02+00:00,26.862340927124023,985.2086791992188,3800.0
1775364866,2026-04-05 04:54:26+00:00,26.657379150390625,985.14501953125,3800.0
1775365184,2026-04-05 04:59:44+00:00,26.502782821655273,985.2255859375,3800.0
1775365524,2026-04-05 05:05:24+00:00,26.440969467163086,985.6663208007812,3800.0
1775365828,2026-04-05 05:10:28+00:00,26.520877838134766,985.9074096679688,3800.0
1775366152,2026-04-05 05:15:52+00:00,26.49945068359375,985.5675048828125,3800.0
1775366475,2026-04-05 05:21:15+00:00,26.23592758178711,985.0851440429688,3800.0
1775366782,2026-04-05 05:26:22+00:00,26.206409454345703,985.6639404296875,3800.0
1775367111,2026-04-05 05:31:51+00:00,26.5096378326416,986.74462890625,3800.0
1775367447,2026-04-05 05:37:27+00:00,26.90414047241211,986.9851684570312,3800.0
1775367750,2026-04-05 05:42:30+00:00,27.149295806884766,986.78662109375,3800.0
1775368063,2026-04-05 05:47:43+00:00,27.23764991760254,986.5460815429688,3800.0
1775368392,2026-04-05 05:53:12+00:00,27.358774185180664,986.4949951171875,3800.0
1775368710,2026-04-05 05:58:30+00:00,27.520538330078125,986.5524291992188,3800.0
1775369039,2026-04-05 06:03:59+00:00,27.875595092773438,986.5729370117188,3800.0
1775369346,2026-04-05 06:09:06+00:00,28.080251693725586,986.5526123046875,3800.0
1775369673,2026-04-05 06:14:33+00:00,28.101116180419922,986.5491333007812,3800.0
1775369982,2026-04-05 06:19:42+00:00,28.13982582092285,986.6467895507812,3800.0
1775370299,2026-04-05 06:24:59+00:00,28.299816131591797,986.7689208984375,3800.0
1775370603,2026-04-05 06:30:03+00:00,28.530258178710938,986.9443359375,3800.0
1775370933,2026-04-05 06:35:33+00:00,28.973058700561523,986.9392700195312,3800.0
1775371232,2026-04-05 06:40:32+00:00,29.199600219726562,986.7406005859375,3800.0
1775371548,2026-04-05 06:45:48+00:00,29.34977149963379,986.4710693359375,3800.0
1775371859,2026-04-05 06:50:59+00:00,29.480478286743164,986.4781494140625,3800.0
1775372168,2026-04-05 06:56:08+00:00,29.593219757080078,986.5330810546875,3800.0
1775372483,2026-04-05 07:01:23+00:00,29.738000869750977,986.7008056640625,3800.0
1775372820,2026-04-05 07:07:00+00:00,30.05141258239746,986.9661865234375,3800.0
1775373132,2026-04-05 07:12:12+00:00,30.371356964111328,986.8765869140625,3800.0
1775373452,2026-04-05 07:17:32+00:00,30.547260284423828,986.5682373046875,3800.0
1775373759,2026-04-05 07:22:39+00:00,30.624252319335938,986.4343872070312,3800.0
1775374076,2026-04-05 07:27:56+00:00,30.70804786682129,986.4324340820312,3800.0
1775374391,2026-04-05 07:33:11+00:00,30.795063018798828,986.31787109375,3800.0
1775374728,2026-04-05 07:38:48+00:00,31.025487899780273,986.2794189453125,3800.0
1775375030,2026-04-05 07:43:50+00:00,31.11997413635254,986.2066650390625,3800.0
1775375360,2026-04-05 07:49:20+00:00,31.243473052978516,986.1369018554688,3800.0
1775375672,2026-04-05 07:54:32+00:00,31.397750854492188,986.2708129882812,3800.0
1775375986,2026-04-05 07:59:46+00:00,31.574010848999023,986.3214721679688,3800.0
1775376318,2026-04-05 08:05:18+00:00,31.907358169555664,986.3504028320312,3800.0
1775376611,2026-04-05 08:10:11+00:00,32.05057907104492,986.0344848632812,3800.0
1775376930,2026-04-05 08:15:30+00:00,32.08450698852539,985.6309814453125,3800.0
1775377270,2026-04-05 08:21:10+00:00,32.037193298339844,985.4598388671875,3800.0
1775377585,2026-04-05 08:26:25+00:00,32.14122009277344,985.6923828125,3800.0
1775377915,2026-04-05 08:31:55+00:00,32.41277313232422,986.064453125,3800.0
1775378219,2026-04-05 08:36:59+00:00,32.65214538574219,986.25830078125,3800.0
1775378547,2026-04-05 08:42:27+00:00,32.87424850463867,986.0022583007812,3800.0
1775378853,2026-04-05 08:47:33+00:00,32.93126678466797,985.5359497070312,3800.0
1775379189,2026-04-05 08:53:09+00:00,32.97199249267578,985.3619995117188,3800.0
1775379503,2026-04-05 08:58:23+00:00,33.05835723876953,985.2297973632812,3800.0
1775379822,2026-04-05 09:03:42+00:00,33.04949188232422,984.9149169921875,3800.0
1775380135,2026-04-05 09:08:55+00:00,33.03150177001953,984.92236328125,3800.0
1775380433,2026-04-05 09:13:53+00:00,33.07367706298828,985.1826171875,3800.0
1775380771,2026-04-05 09:19:31+00:00,33.1379280090332,985.5174560546875,3800.0
1775381084,2026-04-05 09:24:44+00:00,33.384422302246094,986.0501708984375,3800.0
1775381409,2026-04-05 09:30:09+00:00,34.638755798339844,987.6448974609375,3800.0
1775381732,2026-04-05 09:35:32+00:00,36.25678634643555,989.1495971679688,3800.0
1775382062,2026-04-05 09:41:02+00:00,38.38336944580078,990.4592895507812,3800.0
1775382393,2026-04-05 09:46:33+00:00,40.59953689575195,990.1945190429688,3800.0
1775382718,2026-04-05 09:51:58+00:00,41.16849136352539,988.18701171875,3800.0
1775383059,2026-04-05 09:57:39+00:00,40.892860412597656,985.0999755859375,3800.0
1775383365,2026-04-05 10:02:45+00:00,40.1049690246582,982.94140625,3800.0
1775383707,2026-04-05 10:08:27+00:00,38.315032958984375,981.6734619140625,3800.0
1775384005,2026-04-05 10:13:25+00:00,36.85749435424805,981.4774169921875,3800.0
1775384317,2026-04-05 10:18:37+00:00,35.92627716064453,981.8370361328125,3800.0
1775384652,2026-04-05 10:24:12+00:00,35.24019241333008,982.6290893554688,3800.0
1775384991,2026-04-05 10:29:51+00:00,34.889442443847656,983.4501953125,3800.0
1775385312,2026-04-05 10:35:12+00:00,34.88062286376953,984.0595703125,3800.0
1775385647,2026-04-05 10:40:47+00:00,34.968589782714844,984.6392822265625,3800.0
1775385953,2026-04-05 10:45:53+00:00,35.147972106933594,984.9705810546875,3800.0
1775386285,2026-04-05 10:51:25+00:00,35.27954864501953,985.1008911132812,3800.0
1775386595,2026-04-05 10:56:35+00:00,35.119102478027344,985.2076416015625,3800.0
1775386916,2026-04-05 11:01:56+00:00,35.04542541503906,985.3551025390625,3800.0
1775387247,2026-04-05 11:07:27+00:00,35.232872009277344,985.2567138671875,3800.0
1775387556,2026-04-05 11:12:36+00:00,35.30244064331055,984.94970703125,3800.0
1775387888,2026-04-05 11:18:08+00:00,35.23371505737305,984.8905029296875,3800.0
1775388183,2026-04-05 11:23:03+00:00,35.253868103027344,985.17236328125,3800.0
1775388509,2026-04-05 11:28:29+00:00,35.847328186035156,986.4302978515625,3800.0
1775388823,2026-04-05 11:33:43+00:00,37.25657272338867,988.0105590820312,3800.0
1775389139,2026-04-05 11:38:59+00:00,40.394439697265625,990.1092529296875,3800.0
1775389457,2026-04-05 11:44:17+00:00,43.17162322998047,991.3400268554688,3800.0
1775389768,2026-04-05 11:49:28+00:00,46.380123138427734,993.4674072265625,3800.0
1775390082,2026-04-05 11:54:42+00:00,48.91896438598633,995.0778198242188,3800.0
1775390381,2026-04-05 11:59:41+00:00,51.00586700439453,995.54248046875,3800.0
1775390708,2026-04-05 12:05:08+00:00,52.9364013671875,994.1593017578125,3800.0
1775391021,2026-04-05 12:10:21+00:00,53.748512268066406,992.0237426757812,3800.0
1775391341,2026-04-05 12:15:41+00:00,54.20311737060547,989.88232421875,3800.0
1775391660,2026-04-05 12:21:00+00:00,54.358917236328125,988.1629028320312,3800.0
1775391965,2026-04-05 12:26:05+00:00,54.31098556518555,987.1317138671875,3800.0
1775392305,2026-04-05 12:31:45+00:00,53.98948287963867,986.0984497070312,3800.0
1775392609,2026-04-05 12:36:49+00:00,53.56830596923828,985.2903442382812,3800.0
1775392923,2026-04-05 12:42:03+00:00,53.027549743652344,984.0263671875,3800.0
1775393247,2026-04-05 12:47:27+00:00,52.245460510253906,982.7923583984375,3800.0
1775393548,2026-04-05 12:52:28+00:00,51.17095184326172,981.5946044921875,3800.0
1775393884,2026-04-05 12:58:04+00:00,49.78087615966797,981.2763671875,3800.0
1775394189,2026-04-05 13:03:09+00:00,48.832794189453125,981.7849731445312,3800.0
1775394522,2026-04-05 13:08:42+00:00,47.80851745605469,982.2591552734375,3800.0
1775394829,2026-04-05 13:13:49+00:00,47.13092041015625,982.4627075195312,3800.0
1775395140,2026-04-05 13:19:00+00:00,46.217350006103516,982.2994384765625,3800.0
1775395476,2026-04-05 13:24:36+00:00,45.08953857421875,981.5027465820312,3800.0
1775395776,2026-04-05 13:29:36+00:00,44.12945556640625,981.0031127929688,3800.0
1775396094,2026-04-05 13:34:54+00:00,43.344017028808594,980.9597778320312,3800.0
1775396412,2026-04-05 13:40:12+00:00,42.56678009033203,981.2679443359375,3800.0
1775396731,2026-04-05 13:45:31+00:00,41.6141242980957,981.29736328125,3800.0
1775397071,2026-04-05 13:51:11+00:00,40.441932678222656,981.06103515625,3800.0
1775397386,2026-04-05 13:56:26+00:00,39.44804763793945,980.7667846679688,3800.0
1775397717,2026-04-05 14:01:57+00:00,37.709373474121094,980.1693115234375,3800.0
1775398039,2026-04-05 14:07:19+00:00,35.925270080566406,979.5535278320312,3800.0
1775398338,2026-04-05 14:12:18+00:00,34.68880081176758,979.2197265625,3800.0
1775398647,2026-04-05 14:17:27+00:00,33.44780731201172,978.8771362304688,3800.0
1775398966,2026-04-05 14:22:46+00:00,32.191162109375,978.9148559570312,3800.0
1775399305,2026-04-05 14:28:25+00:00,30.85752296447754,979.7439575195312,3800.0
1775399640,2026-04-05 14:34:00+00:00,29.838001251220703,980.8201904296875,3800.0
1775399945,2026-04-05 14:39:05+00:00,29.174585342407227,981.5408935546875,3800.0
1775400249,2026-04-05 14:44:09+00:00,28.56499671936035,982.1580810546875,3800.0
1775400574,2026-04-05 14:49:34+00:00,27.921672821044922,982.818359375,3800.0
1775400902,2026-04-05 14:55:02+00:00,27.351186752319336,983.32275390625,3800.0
1775401209,2026-04-05 15:00:09+00:00,26.930627822875977,983.6331176757812,3800.0
1775401534,2026-04-05 15:05:34+00:00,26.601104736328125,984.0164794921875,3800.0
1775401848,2026-04-05 15:10:48+00:00,26.306697845458984,984.3259887695312,3800.0
1775402179,2026-04-05 15:16:19+00:00,25.910680770874023,984.69482421875,3800.0
1775402499,2026-04-05 15:21:39+00:00,25.696605682373047,984.9423828125,3800.0
1775402799,2026-04-05 15:26:39+00:00,25.49203109741211,985.1429443359375,3800.0
1775403140,2026-04-05 15:32:20+00:00,25.24848747253418,985.3406372070312,3800.0
1775403455,2026-04-05 15:37:35+00:00,24.970888137817383,985.4927978515625,3800.0
1775403775,2026-04-05 15:42:55+00:00,24.727577209472656,985.7454223632812,3800.0
1775404087,2026-04-05 15:48:07+00:00,24.624784469604492,985.958984375,3800.0
1775404420,2026-04-05 15:53:40+00:00,24.773906707763672,986.2008056640625,3800.0
1775404753,2026-04-05 15:59:13+00:00,24.75937843322754,986.3760986328125,3800.0
1775405070,2026-04-05 16:04:30+00:00,24.49602508544922,986.3966064453125,3800.0
1775405387,2026-04-05 16:09:47+00:00,24.250106811523438,986.4239501953125,3800.0
1775405703,2026-04-05 16:15:03+00:00,24.107418060302734,986.4962158203125,3800.0
1775406049,2026-04-05 16:20:49+00:00,23.975313186645508,986.6204833984375,3800.0
1775406357,2026-04-05 16:25:57+00:00,23.924169540405273,986.7071533203125,3800.0
1775406676,2026-04-05 16:31:16+00:00,23.85775375366211,986.7757568359375,3800.0
1775406992,2026-04-05 16:36:32+00:00,23.724517822265625,986.8824462890625,3800.0
1775407310,2026-04-05 16:41:50+00:00,23.625476837158203,987.0074462890625,3800.0
1775407655,2026-04-05 16:47:35+00:00,23.553071975708008,987.1613159179688,3800.0
1775407964,2026-04-05 16:52:44+00:00,23.548282623291016,987.2783203125,3800.0
1775408297,2026-04-05 16:58:17+00:00,23.470359802246094,987.3804931640625,3800.0
1775408614,2026-04-05 17:03:34+00:00,23.28318214416504,987.4431762695312,3800.0
1775408940,2026-04-05 17:09:00+00:00,23.212677001953125,987.5064697265625,3800.0
1775409279,2026-04-05 17:14:39+00:00,23.19354248046875,987.6193237304688,3800.0
1775409596,2026-04-05 17:19:56+00:00,23.16267204284668,987.7132568359375,3800.0
1775409915,2026-04-05 17:25:15+00:00,23.15823745727539,987.79931640625,3800.0
1775410250,2026-04-05 17:30:50+00:00,23.12858009338379,987.9031372070312,3800.0
1775410564,2026-04-05 17:36:04+00:00,23.1037540435791,987.9801025390625,3800.0
1775410899,2026-04-05 17:41:39+00:00,23.022830963134766,988.0723876953125,3800.0
1775411205,2026-04-05 17:46:45+00:00,22.934804916381836,988.1238403320312,3800.0
1775411540,2026-04-05 17:52:20+00:00,22.857879638671875,988.1756591796875,3800.0
1775411850,2026-04-05 17:57:30+00:00,22.820384979248047,988.2418212890625,3800.0
1775412167,2026-04-05 18:02:47+00:00,22.77811050415039,988.3126831054688,3800.0
1775412497,2026-04-05 18:08:17+00:00,22.88250732421875,988.3914794921875,3800.0
1775412806,2026-04-05 18:13:26+00:00,23.043888092041016,988.453125,3800.0
1775413123,2026-04-05 18:18:43+00:00,23.1181697845459,988.4818115234375,3800.0
1775413440,2026-04-05 18:24:00+00:00,23.05350112915039,988.4603271484375,3800.0
1775413743,2026-04-05 18:29:03+00:00,22.76706314086914,988.3787231445312,3800.0
1775414069,2026-04-05 18:34:29+00:00,22.685955047607422,988.3566284179688,3800.0
1775414389,2026-04-05 18:39:49+00:00,22.590316772460938,988.3546142578125,3800.0
1775414712,2026-04-05 18:45:12+00:00,22.560169219970703,988.3967895507812,3800.0
1775415011,2026-04-05 18:50:11+00:00,22.527070999145508,988.3977661132812,3800.0
1775415319,2026-04-05 18:55:19+00:00,22.545347213745117,988.3865966796875,3800.0
1775415641,2026-04-05 19:00:41+00:00,22.504201889038086,988.3570556640625,3800.0
1775415949,2026-04-05 19:05:49+00:00,22.39456558227539,988.3358154296875,3800.0
1775416289,2026-04-05 19:11:29+00:00,22.388729095458984,988.3408203125,3800.0
1775416596,2026-04-05 19:16:36+00:00,22.418075561523438,988.3533325195312,3800.0
1775416910,2026-04-05 19:21:50+00:00,22.375614166259766,988.3375244140625,3800.0
1775417241,2026-04-05 19:27:21+00:00,22.36182975769043,988.3358154296875,3800.0
1775417543,2026-04-05 19:32:23+00:00,22.313251495361328,988.31884765625,3800.0
1775417858,2026-04-05 19:37:38+00:00,22.30774688720703,988.3330078125,3800.0
1775418191,2026-04-05 19:43:11+00:00,22.26834487915039,988.3516845703125,3800.0
1775418511,2026-04-05 19:48:31+00:00,22.18886947631836,988.3441162109375,3800.0
1775418828,2026-04-05 19:53:48+00:00,22.20034408569336,988.35888671875,3800.0
1775419146,2026-04-05 19:59:06+00:00,22.18174934387207,988.3486328125,3800.0
1775419466,2026-04-05 20:04:26+00:00,22.179452896118164,988.3399658203125,3800.0
1775419790,2026-04-05 20:09:50+00:00,22.150537490844727,988.35498046875,3800.0
1775420097,2026-04-05 20:14:57+00:00,22.134607315063477,988.38232421875,3800.0
1775420435,2026-04-05 20:20:35+00:00,22.236623764038086,988.4171752929688,3800.0
1775420749,2026-04-05 20:25:49+00:00,22.318334579467773,988.4356689453125,3800.0
1775421079,2026-04-05 20:31:19+00:00,22.352153778076172,988.41455078125,3800.0
1775421417,2026-04-05 20:36:57+00:00,22.319507598876953,988.3269653320312,3800.0
1775421739,2026-04-05 20:42:19+00:00,22.315181732177734,988.2687377929688,3800.0
1775422062,2026-04-05 20:47:42+00:00,22.274215698242188,988.1847534179688,3800.0
1775422381,2026-04-05 20:53:01+00:00,22.25928497314453,988.1180419921875,3800.0
1775422722,2026-04-05 20:58:42+00:00,22.30306625366211,988.0853271484375,3800.0
1775423028,2026-04-05 21:03:48+00:00,22.361129760742188,988.0589599609375,3800.0
1775423360,2026-04-05 21:09:20+00:00,22.259777069091797,987.9640502929688,3800.0
1775423672,2026-04-05 21:14:32+00:00,22.11920928955078,987.8924560546875,3800.0
1775423990,2026-04-05 21:19:50+00:00,22.02031707763672,987.8436279296875,3800.0
1775424319,2026-04-05 21:25:19+00:00,21.98381996154785,987.7935791015625,3800.0
1775424625,2026-04-05 21:30:25+00:00,21.903562545776367,987.7467041015625,3800.0
1775424966,2026-04-05 21:36:06+00:00,21.93571662902832,987.78564453125,3800.0
1775425287,2026-04-05 21:41:27+00:00,21.96670150756836,987.8358154296875,3800.0
1775425603,2026-04-05 21:46:43+00:00,21.963550567626953,987.865234375,3800.0
1775425926,2026-04-05 21:52:06+00:00,22.20884132385254,987.9207763671875,3800.0
1775426262,2026-04-05 21:57:42+00:00,22.442092895507812,987.9549560546875,3800.0
1775426561,2026-04-05 22:02:41+00:00,22.407840728759766,987.9118041992188,3800.0
1775426875,2026-04-05 22:07:55+00:00,22.0301513671875,987.8009033203125,3800.0
1775427184,2026-04-05 22:13:04+00:00,21.931297302246094,987.8001098632812,3800.0
1775427524,2026-04-05 22:18:44+00:00,21.933307647705078,987.8077392578125,3800.0
1775427831,2026-04-05 22:23:51+00:00,21.89521026611328,987.81591796875,3800.0
1775428155,2026-04-05 22:29:15+00:00,21.860912322998047,987.8294677734375,3800.0
1775428477,2026-04-05 22:34:37+00:00,21.832317352294922,987.8170166015625,3800.0
1775428783,2026-04-05 22:39:43+00:00,21.74602699279785,987.7741088867188,3800.0
1775429105,2026-04-05 22:45:05+00:00,21.768728256225586,987.7349853515625,3800.0
1775429405,2026-04-05 22:50:05+00:00,21.78048324584961,987.7037963867188,3800.0
1775429718,2026-04-05 22:55:18+00:00,21.790071487426758,987.6983642578125,3800.0
1775430041,2026-04-05 23:00:41+00:00,21.80051612854004,987.72705078125,3800.0
1775430368,2026-04-05 23:06:08+00:00,21.754703521728516,987.7561645507812,3800.0
1775430698,2026-04-05 23:11:38+00:00,21.732810974121094,987.7537841796875,3800.0
1775431030,2026-04-05 23:17:10+00:00,21.711414337158203,987.7381591796875,3800.0
1775431331,2026-04-05 23:22:11+00:00,21.705562591552734,987.7361450195312,3800.0
1775431645,2026-04-05 23:27:25+00:00,21.690088272094727,987.7405395507812,3800.0
1775431976,2026-04-05 23:32:56+00:00,21.676549911499023,987.72412109375,3800.0
1775432288,2026-04-05 23:38:08+00:00,21.687292098999023,987.7091064453125,3700.0
1775432600,2026-04-05 23:43:20+00:00,21.635841369628906,987.6939697265625,3800.0
1775432909,2026-04-05 23:48:29+00:00,21.578147888183594,987.6696166992188,3800.0
1775433243,2026-04-05 23:54:03+00:00,21.88465118408203,987.7315673828125,3800.0
1775433558,2026-04-05 23:59:18+00:00,21.912641525268555,987.6803588867188,3700.0
1775433893,2026-04-06 00:04:53+00:00,21.655620574951172,987.5036010742188,3800.0
1775434209,2026-04-06 00:10:09+00:00,21.65009880065918,987.4500732421875,3700.0
1775434517,2026-04-06 00:15:17+00:00,21.582632064819336,987.4127807617188,3800.0
1775434850,2026-04-06 00:20:50+00:00,21.538898468017578,987.4132690429688,3700.0
1775435146,2026-04-06 00:25:46+00:00,21.49056625366211,987.4323120117188,3800.0
1775435466,2026-04-06 00:31:06+00:00,21.413724899291992,987.4362182617188,3800.0
1775435792,2026-04-06 00:36:32+00:00,21.396207809448242,987.3948974609375,3800.0
1775436110,2026-04-06 00:41:50+00:00,21.261648178100586,987.3074340820312,3800.0
1775436431,2026-04-06 00:47:11+00:00,21.167715072631836,987.2459106445312,3800.0
1775436756,2026-04-06 00:52:36+00:00,21.084291458129883,987.2405395507812,3800.0
1775437088,2026-04-06 00:58:08+00:00,20.95542335510254,987.2628784179688,3800.0
1775437413,2026-04-06 01:03:33+00:00,20.83734893798828,987.2780151367188,3800.0
1775437726,2026-04-06 01:08:46+00:00,20.7432918548584,987.3037109375,3800.0
1775438044,2026-04-06 01:14:04+00:00,20.69815444946289,987.3777465820312,3800.0
1775438362,2026-04-06 01:19:22+00:00,20.701282501220703,987.4488525390625,3800.0
1775438680,2026-04-06 01:24:40+00:00,20.62895393371582,987.5133056640625,3800.0
1775438994,2026-04-06 01:29:54+00:00,20.589942932128906,987.6107177734375,3800.0
1775439305,2026-04-06 01:35:05+00:00,20.541303634643555,987.6805419921875,3800.0
1775439631,2026-04-06 01:40:31+00:00,20.483400344848633,987.7403564453125,3800.0
1775439934,2026-04-06 01:45:34+00:00,20.449037551879883,987.7784423828125,3800.0
1775440265,2026-04-06 01:51:05+00:00,20.6431827545166,987.8943481445312,3800.0
1775440595,2026-04-06 01:56:35+00:00,20.783327102661133,988.0125122070312,3800.0
1775440932,2026-04-06 02:02:12+00:00,20.63576889038086,988.0367431640625,3800.0
1775441240,2026-04-06 02:07:20+00:00,20.459680557250977,987.9793701171875,3800.0
1775441575,2026-04-06 02:12:55+00:00,20.430416107177734,987.9484252929688,3800.0
1775441891,2026-04-06 02:18:11+00:00,20.34621810913086,987.93603515625,3800.0
1775442210,2026-04-06 02:23:30+00:00,20.251537322998047,987.97412109375,3700.0
1775442523,2026-04-06 02:28:43+00:00,20.269088745117188,988.0431518554688,3800.0
1775442837,2026-04-06 02:33:57+00:00,20.309627532958984,988.1267700195312,3800.0
1775443160,2026-04-06 02:39:20+00:00,20.34383773803711,988.2301025390625,3800.0
1775443470,2026-04-06 02:44:30+00:00,20.298633575439453,988.3223876953125,3800.0
1775443793,2026-04-06 02:49:53+00:00,20.339885711669922,988.4171142578125,3700.0
1775444126,2026-04-06 02:55:26+00:00,20.42466163635254,988.5506591796875,3700.0
1775444433,2026-04-06 03:00:33+00:00,20.49017333984375,988.7136840820312,3800.0
1775444745,2026-04-06 03:05:45+00:00,20.57269287109375,988.81689453125,3800.0
1775445082,2026-04-06 03:11:22+00:00,20.650348663330078,988.8396606445312,3700.0
1775445396,2026-04-06 03:16:36+00:00,20.71597671508789,988.8681640625,3700.0
1775445717,2026-04-06 03:21:57+00:00,20.802398681640625,988.9396362304688,3800.0
1775446021,2026-04-06 03:27:01+00:00,20.880510330200195,989.04638671875,3800.0
1775446340,2026-04-06 03:32:20+00:00,21.01252555847168,989.1630859375,3700.0
1775446675,2026-04-06 03:37:55+00:00,21.164308547973633,989.34423828125,3700.0
1775446994,2026-04-06 03:43:14+00:00,21.43130874633789,989.5245971679688,3700.0
1775447307,2026-04-06 03:48:27+00:00,21.693571090698242,989.6828002929688,3800.0
1775447623,2026-04-06 03:53:43+00:00,21.944128036499023,989.8023681640625,3700.0
1775447947,2026-04-06 03:59:07+00:00,22.188465118408203,989.92529296875,3700.0
1775448244,2026-04-06 04:04:04+00:00,22.213314056396484,990.0081176757812,3800.0
1775448577,2026-04-06 04:09:37+00:00,22.296932220458984,990.1373901367188,3700.0
1775448912,2026-04-06 04:15:12+00:00,22.686120986938477,990.4249877929688,3700.0
1775449219,2026-04-06 04:20:19+00:00,22.962059020996094,990.6300048828125,3800.0
1775449540,2026-04-06 04:25:40+00:00,23.327903747558594,990.8204956054688,3700.0
1775449850,2026-04-06 04:30:50+00:00,23.701204299926758,990.9423828125,3700.0
1775450165,2026-04-06 04:36:05+00:00,24.146846771240234,991.0857543945312,3800.0
1775450493,2026-04-06 04:41:33+00:00,24.61988067626953,991.21484375,3700.0
1775450810,2026-04-06 04:46:50+00:00,25.06326675415039,991.2696533203125,3700.0
1775451138,2026-04-06 04:52:18+00:00,25.61600685119629,991.22021484375,3800.0
1775451453,2026-04-06 04:57:33+00:00,25.926265716552734,991.1404418945312,3800.0
1775451770,2026-04-06 05:02:50+00:00,26.289264678955078,991.115234375,3700.0
1775452103,2026-04-06 05:08:23+00:00,26.658864974975586,991.109375,3700.0
1775452424,2026-04-06 05:13:44+00:00,26.97427749633789,991.1380615234375,3700.0
1775452752,2026-04-06 05:19:12+00:00,27.387786865234375,991.1517333984375,3700.0
1775453066,2026-04-06 05:24:26+00:00,27.61374855041504,991.0885009765625,3700.0
1775453403,2026-04-06 05:30:03+00:00,27.91109275817871,990.9755859375,3700.0
1775453723,2026-04-06 05:35:23+00:00,28.183944702148438,990.9683837890625,3700.0
1775454054,2026-04-06 05:40:54+00:00,28.53720474243164,990.96044921875,3700.0
1775454368,2026-04-06 05:46:08+00:00,28.8089656829834,990.9088745117188,3700.0
1775454690,2026-04-06 05:51:30+00:00,29.085418701171875,990.82080078125,3700.0
1775454996,2026-04-06 05:56:36+00:00,29.36980628967285,990.7999877929688,3700.0
1775455314,2026-04-06 06:01:54+00:00,29.710494995117188,990.8643798828125,3700.0
1775455612,2026-04-06 06:06:52+00:00,29.949848175048828,990.8204345703125,3700.0
1775455916,2026-04-06 06:11:56+00:00,30.14472007751465,990.5774536132812,3700.0
1775456222,2026-04-06 06:17:02+00:00,30.079421997070312,990.3665771484375,3700.0
1775456556,2026-04-06 06:22:36+00:00,30.199066162109375,990.37060546875,3700.0
1775456881,2026-04-06 06:28:01+00:00,30.32918357849121,990.6286010742188,3700.0
1775457188,2026-04-06 06:33:08+00:00,30.4550724029541,990.7467651367188,3700.0
1775457515,2026-04-06 06:38:35+00:00,30.694997787475586,990.7579956054688,3700.0
1775457821,2026-04-06 06:43:41+00:00,30.812030792236328,990.7227783203125,3700.0
1775458148,2026-04-06 06:49:08+00:00,31.059520721435547,990.76025390625,3700.0
1775458462,2026-04-06 06:54:22+00:00,31.22654151916504,990.7757568359375,3700.0
1775458773,2026-04-06 06:59:33+00:00,31.406147003173828,990.74169921875,3700.0
1775459111,2026-04-06 07:05:11+00:00,31.545602798461914,990.5050659179688,3700.0
1775459415,2026-04-06 07:10:15+00:00,31.670101165771484,990.3511962890625,3700.0
1775459732,2026-04-06 07:15:32+00:00,31.78656578063965,990.3094482421875,3700.0
1775460081,2026-04-06 07:21:21+00:00,31.982223510742188,990.4630737304688,3700.0
1775460386,2026-04-06 07:26:26+00:00,32.13844299316406,990.3995361328125,3700.0
1775460706,2026-04-06 07:31:46+00:00,32.23456954956055,990.0812377929688,3700.0
1775461016,2026-04-06 07:36:56+00:00,32.2520637512207,989.7418212890625,3700.0
1775461335,2026-04-06 07:42:15+00:00,32.25334548950195,989.7408447265625,3700.0
1775461666,2026-04-06 07:47:46+00:00,32.296875,989.66357421875,3700.0
1775461974,2026-04-06 07:52:54+00:00,32.41541290283203,989.8128662109375,3700.0
1775462293,2026-04-06 07:58:13+00:00,32.497772216796875,989.7620849609375,3700.0
1775462613,2026-04-06 08:03:33+00:00,32.594337463378906,989.7586669921875,3700.0
1775462947,2026-04-06 08:09:07+00:00,32.82509231567383,989.70751953125,3700.0
1775463262,2026-04-06 08:14:22+00:00,32.850807189941406,989.6559448242188,3700.0
1775463588,2026-04-06 08:19:48+00:00,32.87916564941406,989.6654052734375,3700.0
1775463892,2026-04-06 08:24:52+00:00,33.008995056152344,989.7376708984375,3700.0
1775464203,2026-04-06 08:30:03+00:00,33.10477066040039,989.8796997070312,3700.0
1775464527,2026-04-06 08:35:27+00:00,33.34258270263672,989.8470458984375,3700.0
1775464824,2026-04-06 08:40:24+00:00,33.4783821105957,989.4767456054688,3700.0
1775465150,2026-04-06 08:45:50+00:00,33.46949005126953,989.17529296875,3700.0
1775465469,2026-04-06 08:51:09+00:00,33.45145034790039,989.1359252929688,3700.0
1775465794,2026-04-06 08:56:34+00:00,33.53339385986328,989.1680908203125,3700.0
1775466119,2026-04-06 09:01:59+00:00,33.643280029296875,989.3269653320312,3700.0
1775466455,2026-04-06 09:07:35+00:00,33.88383102416992,989.5750732421875,3700.0
1775466765,2026-04-06 09:12:45+00:00,34.07875442504883,989.50732421875,3700.0
1775467100,2026-04-06 09:18:20+00:00,34.31031036376953,989.4974365234375,3700.0
1775467411,2026-04-06 09:23:31+00:00,34.57512283325195,990.4556884765625,3700.0
1775467747,2026-04-06 09:29:07+00:00,37.3503532409668,993.3917236328125,3700.0
1775468057,2026-04-06 09:34:17+00:00,42.07822036743164,996.2766723632812,3700.0
1775468375,2026-04-06 09:39:35+00:00,45.114444732666016,995.9757080078125,3700.0
1775468710,2026-04-06 09:45:10+00:00,43.3825569152832,989.7395629882812,3700.0
1775469047,2026-04-06 09:50:47+00:00,40.793861389160156,985.40283203125,3700.0
1775469362,2026-04-06 09:56:02+00:00,39.31415939331055,984.8287963867188,3700.0
1775469685,2026-04-06 10:01:25+00:00,38.30910110473633,985.3782348632812,3700.0
1775470007,2026-04-06 10:06:47+00:00,37.398094177246094,986.2932739257812,3700.0
1775470327,2026-04-06 10:12:07+00:00,36.84990692138672,986.5179443359375,3700.0
1775470670,2026-04-06 10:17:50+00:00,36.20458984375,986.5099487304688,3700.0
1775470984,2026-04-06 10:23:04+00:00,35.95574951171875,986.8138427734375,3700.0
1775471305,2026-04-06 10:28:25+00:00,35.7196159362793,987.1755981445312,3700.0
1775471635,2026-04-06 10:33:55+00:00,35.48170471191406,987.9326171875,3700.0
1775471954,2026-04-06 10:39:14+00:00,35.49675369262695,988.4783325195312,3700.0
1775472271,2026-04-06 10:44:31+00:00,35.66762161254883,988.9425048828125,3700.0
1775472585,2026-04-06 10:49:45+00:00,36.04444122314453,989.09326171875,3700.0
1775472908,2026-04-06 10:55:08+00:00,36.33684539794922,989.0797729492188,3700.0
1775473224,2026-04-06 11:00:24+00:00,36.31475830078125,988.4871215820312,3700.0
1775473560,2026-04-06 11:06:00+00:00,36.08229446411133,987.8253784179688,3700.0
1775473849,2026-04-06 11:10:49+00:00,35.92186737060547,987.8928833007812,3700.0
1775474169,2026-04-06 11:16:09+00:00,36.0090446472168,988.5324096679688,3700.0
1775474511,2026-04-06 11:21:51+00:00,36.514591217041016,989.0557861328125,3700.0
1775474818,2026-04-06 11:26:58+00:00,37.345672607421875,990.1217041015625,3700.0
1775475157,2026-04-06 11:32:37+00:00,38.835182189941406,991.5306396484375,3700.0
1775475482,2026-04-06 11:38:02+00:00,40.31877136230469,991.5234375,3700.0
1775475804,2026-04-06 11:43:24+00:00,41.557491302490234,991.5294799804688,3700.0
1775476131,2026-04-06 11:48:51+00:00,44.11893844604492,993.0413818359375,3700.0
1775476451,2026-04-06 11:54:11+00:00,46.985191345214844,996.1087646484375,3700.0
1775476772,2026-04-06 11:59:32+00:00,49.969329833984375,998.7136840820312,3700.0
1775477093,2026-04-06 12:04:53+00:00,52.70381546020508,998.2138671875,3700.0
1775477434,2026-04-06 12:10:34+00:00,54.168609619140625,995.3605346679688,3700.0
1775477751,2026-04-06 12:15:51+00:00,55.056419372558594,994.2528076171875,3700.0
1775478064,2026-04-06 12:21:04+00:00,55.7822265625,992.99853515625,3700.0
1775478399,2026-04-06 12:26:39+00:00,56.20042037963867,991.1062622070312,3700.0
1775478702,2026-04-06 12:31:42+00:00,56.032806396484375,989.8623046875,3700.0
1775479018,2026-04-06 12:36:58+00:00,55.70556640625,989.24609375,3700.0
1775479340,2026-04-06 12:42:20+00:00,53.839508056640625,984.6705322265625,3700.0
1775479656,2026-04-06 12:47:36+00:00,50.25274658203125,979.0308837890625,3700.0
1775479967,2026-04-06 12:52:47+00:00,46.436485290527344,977.8721923828125,3700.0
1775480285,2026-04-06 12:58:05+00:00,45.715309143066406,982.3626708984375,3700.0
1775480619,2026-04-06 13:03:39+00:00,45.481040954589844,985.6633911132812,3700.0
1775480925,2026-04-06 13:08:45+00:00,44.33157730102539,984.2275390625,3700.0
1775481233,2026-04-06 13:13:53+00:00,42.27180862426758,981.4273681640625,3700.0
1775481578,2026-04-06 13:19:38+00:00,39.84765625,980.8771362304688,3700.0
1775481901,2026-04-06 13:25:01+00:00,38.93922805786133,983.02783203125,3700.0
1775482214,2026-04-06 13:30:14+00:00,39.147613525390625,986.6359252929688,3700.0
1775482536,2026-04-06 13:35:36+00:00,39.875396728515625,989.1594848632812,3700.0
1775482835,2026-04-06 13:40:35+00:00,39.838218688964844,988.7994995117188,3700.0
1775483155,2026-04-06 13:45:55+00:00,39.43426513671875,987.6365356445312,3700.0
1775483491,2026-04-06 13:51:31+00:00,38.860313415527344,986.6123046875,3700.0
1775483796,2026-04-06 13:56:36+00:00,38.039852142333984,985.5519409179688,3700.0
1775484105,2026-04-06 14:01:45+00:00,36.738494873046875,984.7263793945312,3700.0
1775484411,2026-04-06 14:06:51+00:00,35.3368034362793,984.3922729492188,3700.0
1775484752,2026-04-06 14:12:32+00:00,33.802711486816406,983.9244384765625,3700.0
1775485073,2026-04-06 14:17:53+00:00,32.60361862182617,983.5115356445312,3700.0
1775485385,2026-04-06 14:23:05+00:00,31.449304580688477,983.5789184570312,3700.0
1775485704,2026-04-06 14:28:24+00:00,30.275121688842773,984.2965087890625,3700.0
1775486006,2026-04-06 14:33:26+00:00,29.496780395507812,984.9720458984375,3700.0
1775486331,2026-04-06 14:38:51+00:00,28.868783950805664,985.6416015625,3700.0
1775486661,2026-04-06 14:44:21+00:00,28.224145889282227,986.3544921875,3700.0
1775486981,2026-04-06 14:49:41+00:00,27.818744659423828,986.91357421875,3700.0
1775487322,2026-04-06 14:55:22+00:00,27.398540496826172,987.46826171875,3700.0
1775487644,2026-04-06 15:00:44+00:00,27.136764526367188,987.765625,3700.0
1775487958,2026-04-06 15:05:58+00:00,26.772674560546875,988.0421752929688,3700.0
1775488298,2026-04-06 15:11:38+00:00,26.446918487548828,988.2728271484375,3700.0
1775488601,2026-04-06 15:16:41+00:00,26.23416519165039,988.4398193359375,3700.0
1775488945,2026-04-06 15:22:25+00:00,26.063318252563477,988.7103271484375,3700.0
1775489255,2026-04-06 15:27:35+00:00,25.943466186523438,988.8834228515625,3700.0
1775489555,2026-04-06 15:32:35+00:00,25.778316497802734,988.9140625,3700.0
1775489865,2026-04-06 15:37:45+00:00,25.605316162109375,988.8659057617188,3700.0
1775490184,2026-04-06 15:43:04+00:00,25.414104461669922,988.8643798828125,3700.0
1775490511,2026-04-06 15:48:31+00:00,25.137554168701172,989.0059814453125,3700.0
1775490822,2026-04-06 15:53:42+00:00,24.946077346801758,989.1644287109375,3700.0
1775491163,2026-04-06 15:59:23+00:00,24.71695327758789,989.3375244140625,3700.0
1775491473,2026-04-06 16:04:33+00:00,24.718900680541992,989.533203125,3700.0
1775491803,2026-04-06 16:10:03+00:00,24.63819122314453,989.7562255859375,3700.0
1775492118,2026-04-06 16:15:18+00:00,24.471677780151367,989.8386840820312,3700.0
1775492438,2026-04-06 16:20:38+00:00,24.21657371520996,989.9044799804688,3700.0
1775492757,2026-04-06 16:25:57+00:00,24.127046585083008,990.0172119140625,3700.0
1775493078,2026-04-06 16:31:18+00:00,24.031557083129883,990.1622924804688,3700.0
1775493407,2026-04-06 16:36:47+00:00,23.96816635131836,990.2457885742188,3700.0
1775493719,2026-04-06 16:41:59+00:00,23.823646545410156,990.3004760742188,3700.0
1775494027,2026-04-06 16:47:07+00:00,23.724239349365234,990.3674926757812,3700.0
1775494322,2026-04-06 16:52:02+00:00,23.646604537963867,990.4221801757812,3700.0
1775494647,2026-04-06 16:57:27+00:00,23.553218841552734,990.4723510742188,3700.0
1775494978,2026-04-06 17:02:58+00:00,23.47808265686035,990.5242309570312,3700.0
1775495295,2026-04-06 17:08:15+00:00,23.449634552001953,990.5451049804688,3700.0
1775495629,2026-04-06 17:13:49+00:00,23.412235260009766,990.5615234375,3700.0
1775495943,2026-04-06 17:19:03+00:00,23.341211318969727,990.5838012695312,3700.0
1775496276,2026-04-06 17:24:36+00:00,23.224658966064453,990.6024169921875,3700.0
1775496594,2026-04-06 17:29:54+00:00,23.15773582458496,990.6396484375,3700.0
1775496913,2026-04-06 17:35:13+00:00,23.050277709960938,990.7048950195312,3700.0
1775497227,2026-04-06 17:40:27+00:00,23.09009552001953,990.8212890625,3700.0
1775497540,2026-04-06 17:45:40+00:00,23.05168342590332,990.8580322265625,3700.0
1775497871,2026-04-06 17:51:11+00:00,22.913894653320312,990.8401489257812,3700.0
1775498186,2026-04-06 17:56:26+00:00,22.911636352539062,990.869140625,3700.0
1775498504,2026-04-06 18:01:44+00:00,22.93131446838379,990.9352416992188,3700.0
1775498834,2026-04-06 18:07:14+00:00,22.904388427734375,990.9972534179688,3700.0
1775499164,2026-04-06 18:12:44+00:00,22.856679916381836,991.0220947265625,3700.0
1775499467,2026-04-06 18:17:47+00:00,22.84228515625,991.0509643554688,3700.0
1775499801,2026-04-06 18:23:21+00:00,22.779338836669922,991.0662231445312,3700.0
1775500109,2026-04-06 18:28:29+00:00,22.624752044677734,991.0748291015625,3700.0
1775500439,2026-04-06 18:33:59+00:00,22.545196533203125,991.1100463867188,3700.0
1775500765,2026-04-06 18:39:25+00:00,22.49692726135254,991.1838989257812,3700.0
1775501074,2026-04-06 18:44:34+00:00,22.48556137084961,991.2384033203125,3700.0
1775501398,2026-04-06 18:49:58+00:00,22.509029388427734,991.3087768554688,3700.0
1775501698,2026-04-06 18:54:58+00:00,22.55166244506836,991.3635864257812,3700.0
1775502015,2026-04-06 19:00:15+00:00,22.58808708190918,991.4017333984375,3700.0
1775502349,2026-04-06 19:05:49+00:00,22.627185821533203,991.4231567382812,3700.0
1775502652,2026-04-06 19:10:52+00:00,22.558456420898438,991.4139404296875,3700.0
1775502974,2026-04-06 19:16:14+00:00,22.646135330200195,991.4266357421875,3700.0
1775503312,2026-04-06 19:21:52+00:00,22.588327407836914,991.3982543945312,3700.0
1775503623,2026-04-06 19:27:03+00:00,22.50363540649414,991.3980712890625,3700.0
1775503957,2026-04-06 19:32:37+00:00,22.520519256591797,991.45068359375,3700.0
1775504274,2026-04-06 19:37:54+00:00,22.419349670410156,991.4537353515625,3700.0
1775504601,2026-04-06 19:43:21+00:00,22.495479583740234,991.4905395507812,3700.0
1775504918,2026-04-06 19:48:38+00:00,22.512205123901367,991.4909057617188,3700.0
1775505234,2026-04-06 19:53:54+00:00,22.447654724121094,991.4593505859375,3700.0
1775505544,2026-04-06 19:59:04+00:00,22.36062240600586,991.4138793945312,3700.0
1775505883,2026-04-06 20:04:43+00:00,22.447004318237305,991.44189453125,3700.0
1775506197,2026-04-06 20:09:57+00:00,22.62328338623047,991.4970703125,3700.0
1775506518,2026-04-06 20:15:18+00:00,22.677587509155273,991.5032348632812,3700.0
1775506827,2026-04-06 20:20:27+00:00,22.5800838470459,991.47509765625,3700.0
1775507141,2026-04-06 20:25:41+00:00,22.36318016052246,991.4412231445312,3700.0
1775507449,2026-04-06 20:30:49+00:00,22.231672286987305,991.4630126953125,3700.0
1775507788,2026-04-06 20:36:28+00:00,22.107078552246094,991.5257568359375,3700.0
1775508093,2026-04-06 20:41:33+00:00,22.04402732849121,991.556640625,3700.0
1775508426,2026-04-06 20:47:06+00:00,22.053932189941406,991.5914916992188,3700.0
1775508736,2026-04-06 20:52:16+00:00,22.11246109008789,991.6103515625,3700.0
1775509051,2026-04-06 20:57:31+00:00,22.11174201965332,991.5968017578125,3700.0
1775509365,2026-04-06 21:02:45+00:00,22.128721237182617,991.5670776367188,3700.0
1775509660,2026-04-06 21:07:40+00:00,22.07054901123047,991.5252685546875,3700.0
1775509977,2026-04-06 21:12:57+00:00,22.088594436645508,991.525390625,3700.0
1775510314,2026-04-06 21:18:34+00:00,22.07251739501953,991.5173950195312,3700.0
1775510619,2026-04-06 21:23:39+00:00,22.086185455322266,991.5269775390625,3700.0
1775510941,2026-04-06 21:29:01+00:00,22.060659408569336,991.5345458984375,3700.0
1775511273,2026-04-06 21:34:33+00:00,21.98994255065918,991.5392456054688,3700.0
1775511600,2026-04-06 21:40:00+00:00,21.978057861328125,991.5430908203125,3700.0
1775511917,2026-04-06 21:45:17+00:00,21.91404914855957,991.5086059570312,3700.0
1775512240,2026-04-06 21:50:40+00:00,22.044179916381836,991.5260620117188,3700.0
