index,time,dive-temperature,dive-depth,dive-speed
780,2025-12-12 09:08:02.744440+00:00,25.32,30.489,0.019999999999999574
780,2025-12-12 09:08:02.744440+00:00,25.3,30.444000000000003,-0.014999999999999384
780,2025-12-12 09:08:02.744440+00:00,25.29,29.47,-0.32466666666666794
780,2025-12-12 09:08:02.744440+00:00,25.3,29.453000000000003,-0.005666666666665303
781,2025-12-12 09:08:23.421210+00:00,25.36,33.872,1.472999999999999
781,2025-12-12 09:08:23.421210+00:00,25.33,36.391000000000005,0.8396666666666684
781,2025-12-12 09:08:23.421210+00:00,25.32,36.167,-0.07466666666666792
781,2025-12-12 09:08:23.421210+00:00,25.33,37.358999999999995,0.39733333333333104
782,2025-12-12 09:08:43.915860+00:00,25.34,37.22,-0.04633333333333193
782,2025-12-12 09:08:43.915860+00:00,25.41,37.085,-0.04499999999999934
782,2025-12-12 09:08:43.915860+00:00,25.29,32.993,-1.3639999999999997
782,2025-12-12 09:08:43.915860+00:00,25.18,31.595,-0.4660000000000011
783,2025-12-12 09:09:04.576967+00:00,25.06,33.278,0.5609999999999999
783,2025-12-12 09:09:04.576967+00:00,25.05,36.101000000000006,0.9410000000000025
783,2025-12-12 09:09:04.576967+00:00,25.15,35.826,-0.09166666666666856
783,2025-12-12 09:09:04.576967+00:00,25.25,36.263999999999996,0.14599999999999844
784,2025-12-12 09:09:25.282556+00:00,25.4,33.49100000000001,-0.9243333333333297
784,2025-12-12 09:09:25.282556+00:00,25.43,33.571999999999996,0.026999999999996287
784,2025-12-12 09:09:25.282556+00:00,25.51,34.063,0.16366666666666893
784,2025-12-12 09:09:25.282556+00:00,25.6,33.629,-0.1446666666666682
786,2025-12-12 09:09:45.777925+00:00,25.6,35.908,0.7596666666666678
786,2025-12-12 09:09:45.777925+00:00,25.41,33.097,-0.9369999999999999
786,2025-12-12 09:09:45.777925+00:00,24.92,35.668,0.8569999999999993
786,2025-12-12 09:09:45.777925+00:00,24.85,35.593,-0.02499999999999858
788,2025-12-12 09:10:26.687686+00:00,23.91,43.445,2.6173333333333324
788,2025-12-12 09:10:26.687686+00:00,23.88,43.327,-0.03933333333333403
788,2025-12-12 09:10:26.687686+00:00,24.08,43.18,-0.04899999999999949
788,2025-12-12 09:10:26.687686+00:00,24.17,44.43,0.4166666666666667
789,2025-12-12 09:10:47.188285+00:00,24.24,44.498999999999995,0.022999999999998504
789,2025-12-12 09:10:47.188285+00:00,24.2,44.643,0.04800000000000182
789,2025-12-12 09:10:47.188285+00:00,24.16,44.643,0.0
789,2025-12-12 09:10:47.188285+00:00,24.22,44.403999999999996,-0.0796666666666681
790,2025-12-12 09:10:57.856258+00:00,24.24,46.876999999999995,0.824333333333333
790,2025-12-12 09:10:57.856258+00:00,24.3,46.13399999999999,-0.24766666666666737
790,2025-12-12 09:10:57.856258+00:00,24.44,46.622,0.16266666666666887
790,2025-12-12 09:10:57.856258+00:00,24.49,46.825,0.06766666666666765
791,2025-12-12 09:11:18.378714+00:00,24.43,45.838,-0.3290000000000006
791,2025-12-12 09:11:18.378714+00:00,24.36,46.184,0.11533333333333218
791,2025-12-12 09:11:18.378714+00:00,24.52,46.886,0.23400000000000176
791,2025-12-12 09:11:18.378714+00:00,24.76,46.52,-0.12199999999999989
792,2025-12-12 09:11:39.046909+00:00,24.97,46.114,-0.1353333333333353
792,2025-12-12 09:11:39.046909+00:00,25.11,46.863,0.24966666666666745
792,2025-12-12 09:11:39.046909+00:00,24.76,44.236000000000004,-0.8756666666666651
792,2025-12-12 09:11:39.046909+00:00,25.21,39.982,-1.4180000000000017
793,2025-12-12 09:11:59.713861+00:00,24.88,42.901,0.9730000000000013
793,2025-12-12 09:11:59.713861+00:00,24.67,42.92,0.006333333333332784
793,2025-12-12 09:11:59.713861+00:00,24.79,42.417,-0.1676666666666667
793,2025-12-12 09:11:59.713861+00:00,24.8,42.951,0.17799999999999963
794,2025-12-12 09:12:20.237396+00:00,24.72,42.735,-0.07200000000000036
794,2025-12-12 09:12:20.237396+00:00,24.66,42.468999999999994,-0.08866666666666845
794,2025-12-12 09:12:20.237396+00:00,24.64,42.495,0.008666666666667785
794,2025-12-12 09:12:20.237396+00:00,24.67,42.442,-0.01766666666666576
795,2025-12-12 09:12:40.897381+00:00,24.65,43.244,0.2673333333333332
795,2025-12-12 09:12:40.897381+00:00,24.56,43.026,-0.07266666666666548
795,2025-12-12 09:12:40.897381+00:00,24.49,42.326,-0.23333333333333428
795,2025-12-12 09:12:40.897381+00:00,24.43,41.416000000000004,-0.3033333333333322
796,2025-12-12 09:13:01.637616+00:00,23.97,40.513999999999996,-0.30066666666666936
796,2025-12-12 09:13:01.637616+00:00,23.84,40.976000000000006,0.15400000000000347
796,2025-12-12 09:13:01.637616+00:00,23.75,41.3,0.10799999999999699
796,2025-12-12 09:13:01.637616+00:00,23.66,40.65,-0.2166666666666662
797,2025-12-12 09:13:22.138835+00:00,23.61,40.652,0.0006666666666674814
797,2025-12-12 09:13:22.138835+00:00,23.64,40.408,-0.08133333333333326
797,2025-12-12 09:13:22.138835+00:00,23.74,40.863,0.1516666666666661
797,2025-12-12 09:13:22.138835+00:00,23.87,41.038999999999994,0.058666666666664945
798,2025-12-12 09:13:42.838400+00:00,23.99,41.388000000000005,0.11633333333333695
798,2025-12-12 09:13:42.838400+00:00,24.41,40.985,-0.13433333333333528
798,2025-12-12 09:13:42.838400+00:00,24.38,40.676,-0.10299999999999916
798,2025-12-12 09:13:42.838400+00:00,24.56,41.062,0.12866666666666524
799,2025-12-12 09:14:03.527510+00:00,25.59,40.239,-0.2743333333333335
799,2025-12-12 09:14:03.527510+00:00,25.94,38.081,-0.7193333333333314
799,2025-12-12 09:14:03.527510+00:00,25.66,36.526,-0.5183333333333332
799,2025-12-12 09:14:03.527510+00:00,25.42,31.523000000000003,-1.6676666666666666
800,2025-12-12 09:14:24.031250+00:00,25.9,27.189,-1.4446666666666677
800,2025-12-12 09:14:24.031250+00:00,25.85,25.596,-0.531
800,2025-12-12 09:14:24.031250+00:00,25.66,27.831999999999997,0.7453333333333324
800,2025-12-12 09:14:24.031250+00:00,25.4,28.178,0.11533333333333455
802,2025-12-12 09:14:45.189185+00:00,24.51,30.763,0.8616666666666669
802,2025-12-12 09:14:45.189185+00:00,24.41,32.372,0.5363333333333328
802,2025-12-12 09:14:45.189185+00:00,24.34,32.74,0.12266666666666737
802,2025-12-12 09:14:45.189185+00:00,24.37,32.683,-0.01900000000000072
803,2025-12-12 09:15:05.887695+00:00,24.87,30.958999999999996,-0.5746666666666679
803,2025-12-12 09:15:05.887695+00:00,24.98,32.19,0.4103333333333339
803,2025-12-12 09:15:05.887695+00:00,25.3,30.741,-0.4829999999999994
803,2025-12-12 09:15:05.887695+00:00,25.44,30.729,-0.004000000000000152
804,2025-12-12 09:15:26.383462+00:00,25.52,30.456,-0.0909999999999999
804,2025-12-12 09:15:26.383462+00:00,25.43,30.625999999999998,0.05666666666666605
804,2025-12-12 09:15:26.383462+00:00,25.38,30.590999999999998,-0.011666666666666714
804,2025-12-12 09:15:26.383462+00:00,25.29,29.921999999999997,-0.22300000000000017
805,2025-12-12 09:15:47.075023+00:00,24.99,30.265,0.11433333333333451
805,2025-12-12 09:15:47.075023+00:00,24.79,30.41,0.048333333333333194
805,2025-12-12 09:15:47.075023+00:00,24.77,30.272,-0.04600000000000056
805,2025-12-12 09:15:47.075023+00:00,24.57,30.826999999999998,0.18499999999999991
806,2025-12-12 09:15:57.569334+00:00,24.9,24.629,-2.065999999999999
806,2025-12-12 09:15:57.569334+00:00,24.67,26.119,0.49666666666666615
806,2025-12-12 09:15:57.569334+00:00,24.36,25.839000000000002,-0.09333333333333253
806,2025-12-12 09:15:57.569334+00:00,24.33,25.925,0.028666666666666174
807,2025-12-12 09:16:18.276840+00:00,24.37,26.284000000000002,0.11966666666666725
807,2025-12-12 09:16:18.276840+00:00,24.56,25.967,-0.10566666666666791
807,2025-12-12 09:16:18.276840+00:00,24.76,26.019000000000002,0.017333333333334384
807,2025-12-12 09:16:18.276840+00:00,24.93,26.369,0.11666666666666596
808,2025-12-12 09:16:38.978561+00:00,25.15,26.357,-0.004000000000000152
808,2025-12-12 09:16:38.978561+00:00,25.15,25.959,-0.13266666666666657
808,2025-12-12 09:16:38.978561+00:00,25.44,26.119,0.05333333333333338
808,2025-12-12 09:16:38.978561+00:00,25.59,25.91,-0.06966666666666654
809,2025-12-12 09:16:59.465043+00:00,25.75,26.488000000000003,0.19266666666666765
809,2025-12-12 09:16:59.465043+00:00,25.46,26.230999999999998,-0.08566666666666833
809,2025-12-12 09:16:59.465043+00:00,25.64,26.587,0.11866666666666721
809,2025-12-12 09:16:59.465043+00:00,25.8,26.25,-0.11233333333333324
810,2025-12-12 09:17:20.154388+00:00,25.48,26.608,0.11933333333333351
810,2025-12-12 09:17:20.154388+00:00,25.51,26.264,-0.11466666666666707
810,2025-12-12 09:17:20.154388+00:00,24.92,27.741,0.49233333333333346
810,2025-12-12 09:17:20.154388+00:00,24.6,27.406999999999996,-0.1113333333333344
811,2025-12-12 09:17:40.841046+00:00,24.55,27.281,-0.041999999999999225
811,2025-12-12 09:17:40.841046+00:00,24.42,27.635,0.11800000000000092
811,2025-12-12 09:17:40.841046+00:00,24.4,27.254,-0.12700000000000009
811,2025-12-12 09:17:40.841046+00:00,24.34,27.656,0.13399999999999915
812,2025-12-12 09:18:01.353998+00:00,24.59,27.513,-0.04766666666666571
812,2025-12-12 09:18:01.353998+00:00,24.88,27.188000000000002,-0.1083333333333331
812,2025-12-12 09:18:01.353998+00:00,24.85,27.68,0.16399999999999912
812,2025-12-12 09:18:01.353998+00:00,24.33,27.522,-0.052666666666667084
813,2025-12-12 09:18:22.038227+00:00,24.16,27.39,-0.0439999999999993
813,2025-12-12 09:18:22.038227+00:00,24.17,27.750999999999998,0.12033333333333236
813,2025-12-12 09:18:22.038227+00:00,24.09,26.215,-0.5119999999999992
813,2025-12-12 09:18:22.038227+00:00,24.14,29.95,1.2449999999999999
814,2025-12-12 09:18:42.713784+00:00,24.21,26.526999999999997,-1.1410000000000007
814,2025-12-12 09:18:42.713784+00:00,24.11,26.391,-0.04533333333333308
814,2025-12-12 09:18:42.713784+00:00,24.11,26.366,-0.00833333333333286
814,2025-12-12 09:18:42.713784+00:00,24.19,26.269000000000002,-0.03233333333333258
815,2025-12-12 09:19:03.190532+00:00,24.16,26.601999999999997,0.11099999999999828
815,2025-12-12 09:19:03.190532+00:00,24.31,26.776,0.058000000000001016
815,2025-12-12 09:19:03.190532+00:00,24.29,26.954,0.059333333333333606
815,2025-12-12 09:19:03.190532+00:00,24.04,26.621,-0.11100000000000065
817,2025-12-12 09:19:44.537799+00:00,23.77,26.680999999999997,0.019999999999999574
817,2025-12-12 09:19:44.537799+00:00,23.77,26.515,-0.05533333333333227
817,2025-12-12 09:19:44.537799+00:00,24.0,26.538,0.007666666666666562
817,2025-12-12 09:19:44.537799+00:00,24.16,26.441,-0.03233333333333377
818,2025-12-12 09:20:05.036735+00:00,25.07,26.232,-0.06966666666666654
818,2025-12-12 09:20:05.036735+00:00,25.87,26.389,0.05233333333333334
818,2025-12-12 09:20:05.036735+00:00,25.98,26.343000000000004,-0.015333333333331941
818,2025-12-12 09:20:05.036735+00:00,26.17,26.973000000000003,0.20999999999999966
819,2025-12-12 09:20:25.661035+00:00,25.7,27.565,0.19733333333333292
819,2025-12-12 09:20:25.661035+00:00,25.05,27.541999999999998,-0.007666666666667747
819,2025-12-12 09:20:25.661035+00:00,25.75,22.185,-1.7856666666666665
819,2025-12-12 09:20:25.661035+00:00,25.55,22.438000000000002,0.08433333333333455
820,2025-12-12 09:20:46.417702+00:00,24.71,22.555,0.03899999999999911
820,2025-12-12 09:20:46.417702+00:00,24.46,22.546999999999997,-0.0026666666666675574
820,2025-12-12 09:20:46.417702+00:00,24.44,22.430999999999997,-0.03866666666666655
820,2025-12-12 09:20:46.417702+00:00,24.42,22.456999999999997,0.0086666666666666
821,2025-12-12 09:21:06.921709+00:00,24.31,22.396,-0.02033333333333213
821,2025-12-12 09:21:06.921709+00:00,24.43,22.366999999999997,-0.009666666666667822
821,2025-12-12 09:21:06.921709+00:00,24.41,28.139,1.9240000000000006
821,2025-12-12 09:21:06.921709+00:00,24.41,29.851,0.5706666666666665
822,2025-12-12 09:21:27.607939+00:00,24.51,29.413,-0.1459999999999996
822,2025-12-12 09:21:27.607939+00:00,24.51,29.511999999999997,0.032999999999998884
822,2025-12-12 09:21:27.607939+00:00,24.56,29.704,0.06400000000000124
822,2025-12-12 09:21:27.607939+00:00,24.67,30.741999999999997,0.3459999999999989
823,2025-12-12 09:21:38.098022+00:00,24.85,28.833000000000002,-0.6363333333333318
823,2025-12-12 09:21:38.098022+00:00,25.25,26.895,-0.6460000000000008
823,2025-12-12 09:21:38.098022+00:00,25.42,25.389,-0.5020000000000001
823,2025-12-12 09:21:38.098022+00:00,25.13,24.144000000000002,-0.41499999999999915
824,2025-12-12 09:21:58.785756+00:00,24.98,24.237,0.030999999999998806
824,2025-12-12 09:21:58.785756+00:00,25.02,24.212,-0.00833333333333286
824,2025-12-12 09:21:58.785756+00:00,25.11,24.267,0.01833333333333324
824,2025-12-12 09:21:58.785756+00:00,25.24,23.228,-0.34633333333333266
825,2025-12-12 09:22:19.440328+00:00,24.72,26.64,1.137333333333333
825,2025-12-12 09:22:19.440328+00:00,24.57,26.34,-0.10000000000000024
825,2025-12-12 09:22:19.440328+00:00,24.6,26.505,0.054999999999999716
825,2025-12-12 09:22:19.440328+00:00,24.68,26.54,0.011666666666666714
826,2025-12-12 09:22:39.934047+00:00,24.7,26.636,0.03200000000000003
826,2025-12-12 09:22:39.934047+00:00,24.75,26.72,0.027999999999999876
826,2025-12-12 09:22:39.934047+00:00,24.74,26.51,-0.0699999999999991
826,2025-12-12 09:22:39.934047+00:00,24.75,26.756,0.08199999999999956
827,2025-12-12 09:23:00.626891+00:00,24.77,26.91,0.05133333333333331
827,2025-12-12 09:23:00.626891+00:00,24.55,26.666999999999998,-0.0810000000000007
827,2025-12-12 09:23:00.626891+00:00,24.38,26.99,0.1076666666666668
827,2025-12-12 09:23:00.626891+00:00,24.05,26.9,-0.029999999999999954
828,2025-12-12 09:23:21.261314+00:00,24.03,26.855999999999998,-0.014666666666666828
828,2025-12-12 09:23:21.261314+00:00,24.17,27.7,0.2813333333333337
828,2025-12-12 09:23:21.261314+00:00,24.32,37.016000000000005,3.1053333333333355
828,2025-12-12 09:23:21.261314+00:00,24.49,39.621,0.8683333333333323
829,2025-12-12 09:23:41.766442+00:00,24.71,39.532,-0.02966666666666858
829,2025-12-12 09:23:41.766442+00:00,25.23,39.542,0.0033333333333350388
829,2025-12-12 09:23:41.766442+00:00,24.92,39.638999999999996,0.0323333333333314
829,2025-12-12 09:23:41.766442+00:00,24.73,39.818000000000005,0.05966666666666972
830,2025-12-12 09:24:02.428567+00:00,24.82,39.74,-0.026000000000000984
830,2025-12-12 09:24:02.428567+00:00,24.49,39.76,0.00666666666666534
830,2025-12-12 09:24:02.428567+00:00,23.97,39.98,0.07333333333333296
830,2025-12-12 09:24:02.428567+00:00,23.84,39.794,-0.06199999999999998
831,2025-12-12 09:24:23.119221+00:00,23.74,39.626999999999995,-0.0556666666666672
831,2025-12-12 09:24:23.119221+00:00,23.7,39.646,0.006333333333335152
831,2025-12-12 09:24:23.119221+00:00,23.69,39.56,-0.028666666666666174
831,2025-12-12 09:24:23.119221+00:00,23.87,45.066,1.8353333333333335
833,2025-12-12 09:24:44.110133+00:00,24.02,43.667,-0.46633333333333366
833,2025-12-12 09:24:44.110133+00:00,24.3,43.865,0.06600000000000013
833,2025-12-12 09:24:44.110133+00:00,24.71,43.7,-0.054999999999999716
833,2025-12-12 09:24:44.110133+00:00,25.05,43.702,0.000666666666665113
834,2025-12-12 09:25:04.770424+00:00,25.12,43.818000000000005,0.038666666666668924
834,2025-12-12 09:25:04.770424+00:00,24.51,44.01,0.06399999999999768
834,2025-12-12 09:25:04.770424+00:00,24.44,43.971000000000004,-0.012999999999998124
834,2025-12-12 09:25:04.770424+00:00,24.71,37.418,-2.184333333333335
835,2025-12-12 09:25:25.450392+00:00,24.69,38.891999999999996,0.49133333333333223
835,2025-12-12 09:25:25.450392+00:00,24.44,38.593999999999994,-0.09933333333333394
835,2025-12-12 09:25:25.450392+00:00,24.45,41.812,1.0726666666666678
835,2025-12-12 09:25:25.450392+00:00,24.59,41.706,-0.03533333333333152
836,2025-12-12 09:25:45.923935+00:00,25.04,37.735,-1.3236666666666679
836,2025-12-12 09:25:45.923935+00:00,24.56,39.633,0.6326666666666677
836,2025-12-12 09:25:45.923935+00:00,24.08,39.65,0.005666666666665303
836,2025-12-12 09:25:45.923935+00:00,23.85,39.854,0.06800000000000021
837,2025-12-12 09:26:06.594718+00:00,23.86,39.766000000000005,-0.029333333333331286
837,2025-12-12 09:26:06.594718+00:00,23.88,39.636,-0.04333333333333419
837,2025-12-12 09:26:06.594718+00:00,23.96,39.92100000000001,0.09500000000000124
837,2025-12-12 09:26:06.594718+00:00,24.22,39.731,-0.06333333333333495
838,2025-12-12 09:26:27.275424+00:00,24.79,39.757,0.008666666666665416
838,2025-12-12 09:26:27.275424+00:00,25.07,39.647,-0.03666666666666648
838,2025-12-12 09:26:27.275424+00:00,25.31,39.8,0.050999999999999567
838,2025-12-12 09:26:27.275424+00:00,24.44,42.013000000000005,0.7376666666666694
839,2025-12-12 09:26:37.757705+00:00,24.42,42.055,0.013999999999998161
839,2025-12-12 09:26:37.757705+00:00,24.93,41.887,-0.05599999999999975
839,2025-12-12 09:26:37.757705+00:00,25.32,41.968,0.027000000000001023
839,2025-12-12 09:26:37.757705+00:00,25.55,41.894,-0.02466666666666839
840,2025-12-12 09:26:58.450435+00:00,25.71,34.224,-2.556666666666667
840,2025-12-12 09:26:58.450435+00:00,24.85,25.743000000000002,-2.826999999999998
840,2025-12-12 09:26:58.450435+00:00,24.94,24.348000000000003,-0.46499999999999986
840,2025-12-12 09:26:58.450435+00:00,26.0,12.479000000000001,-3.9563333333333337
841,2025-12-12 09:27:18.950903+00:00,26.15,12.611999999999998,0.04433333333333245
841,2025-12-12 09:27:18.950903+00:00,26.14,12.376999999999999,-0.07833333333333314
841,2025-12-12 09:27:18.950903+00:00,26.15,9.742,-0.8783333333333326
841,2025-12-12 09:27:18.950903+00:00,26.14,9.877,0.04499999999999993
842,2025-12-12 09:27:39.626821+00:00,26.09,9.485999999999999,-0.13033333333333394
842,2025-12-12 09:27:39.626821+00:00,26.02,23.656999999999996,4.723666666666666
842,2025-12-12 09:27:39.626821+00:00,25.81,33.343,3.228666666666669
842,2025-12-12 09:27:39.626821+00:00,25.93,34.395,0.3506666666666665
843,2025-12-12 09:28:00.321493+00:00,25.83,34.471000000000004,0.025333333333333503
843,2025-12-12 09:28:00.321493+00:00,25.57,35.74100000000001,0.4233333333333344
843,2025-12-12 09:28:00.321493+00:00,25.41,35.891000000000005,0.049999999999999524
843,2025-12-12 09:28:00.321493+00:00,25.18,37.336999999999996,0.48199999999999693
844,2025-12-12 09:28:20.802241+00:00,25.22,37.243,-0.03133333333333136
844,2025-12-12 09:28:20.802241+00:00,25.27,37.148999999999994,-0.0313333333333361
844,2025-12-12 09:28:20.802241+00:00,25.28,37.293,0.04800000000000182
844,2025-12-12 09:28:20.802241+00:00,25.35,39.161,0.6226666666666674
845,2025-12-12 09:28:41.504401+00:00,25.5,38.961000000000006,-0.06666666666666525
845,2025-12-12 09:28:41.504401+00:00,25.54,36.848,-0.7043333333333356
845,2025-12-12 09:28:41.504401+00:00,25.21,41.558,1.5700000000000003
845,2025-12-12 09:28:41.504401+00:00,24.96,41.637,0.026333333333333542
846,2025-12-12 09:29:02.158090+00:00,25.11,41.552,-0.028333333333333616
846,2025-12-12 09:29:02.158090+00:00,25.5,41.641000000000005,0.02966666666666858
846,2025-12-12 09:29:02.158090+00:00,25.99,41.692,0.016999999999998277
846,2025-12-12 09:29:02.158090+00:00,26.3,41.695,0.001000000000000038
847,2025-12-12 09:29:22.653068+00:00,25.92,40.156000000000006,-0.5129999999999981
847,2025-12-12 09:29:22.653068+00:00,24.96,40.821000000000005,0.22166666666666637
847,2025-12-12 09:29:22.653068+00:00,24.81,40.731,-0.030000000000001137
847,2025-12-12 09:29:22.653068+00:00,24.42,40.8,0.022999999999998504
849,2025-12-12 09:29:43.851927+00:00,24.49,40.769,-0.010333333333332936
849,2025-12-12 09:29:43.851927+00:00,24.5,40.691,-0.025999999999998618
849,2025-12-12 09:29:43.851927+00:00,24.61,45.97,1.7596666666666654
849,2025-12-12 09:29:43.851927+00:00,24.73,45.956,-0.0046666666666652645
850,2025-12-12 09:30:04.540383+00:00,24.87,41.583999999999996,-1.4573333333333356
850,2025-12-12 09:30:04.540383+00:00,24.95,41.68600000000001,0.03400000000000366
850,2025-12-12 09:30:04.540383+00:00,24.7,41.631,-0.018333333333335606
850,2025-12-12 09:30:04.540383+00:00,24.68,41.673,0.014000000000000531
851,2025-12-12 09:30:25.027701+00:00,24.81,41.531000000000006,-0.04733333333333197
851,2025-12-12 09:30:25.027701+00:00,24.78,41.428999999999995,-0.03400000000000366
851,2025-12-12 09:30:25.027701+00:00,24.66,45.288000000000004,1.2863333333333362
851,2025-12-12 09:30:25.027701+00:00,24.65,44.792,-0.16533333333333408
852,2025-12-12 09:30:45.719144+00:00,24.72,44.808,0.005333333333332746
852,2025-12-12 09:30:45.719144+00:00,24.49,44.756,-0.0173333333333332
852,2025-12-12 09:30:45.719144+00:00,24.4,44.76,0.0013333333333325943
852,2025-12-12 09:30:45.719144+00:00,24.43,44.667,-0.030999999999998806
853,2025-12-12 09:31:06.398236+00:00,24.49,44.65,-0.005666666666667671
853,2025-12-12 09:31:06.398236+00:00,24.47,44.591,-0.019666666666665833
853,2025-12-12 09:31:06.398236+00:00,24.47,44.503,-0.029333333333333655
853,2025-12-12 09:31:06.398236+00:00,24.48,44.567,0.021333333333333353
855,2025-12-12 09:31:47.133263+00:00,24.89,44.352,-0.07166666666666781
855,2025-12-12 09:31:47.133263+00:00,25.19,44.614,0.08733333333333348
855,2025-12-12 09:31:47.133263+00:00,25.36,43.703,-0.30366666666666475
855,2025-12-12 09:31:47.133263+00:00,25.36,43.824,0.0403333333333317
856,2025-12-12 09:32:07.827436+00:00,25.21,43.833999999999996,0.00333333333333267
856,2025-12-12 09:32:07.827436+00:00,25.24,43.77,-0.021333333333330984
856,2025-12-12 09:32:07.827436+00:00,25.33,43.846000000000004,0.025333333333333503
856,2025-12-12 09:32:07.827436+00:00,25.12,43.84,-0.002000000000000076
857,2025-12-12 09:32:18.318162+00:00,25.0,43.975,0.04499999999999934
857,2025-12-12 09:32:18.318162+00:00,24.98,44.028999999999996,0.017999999999998312
857,2025-12-12 09:32:18.318162+00:00,25.09,43.937,-0.03066666666666625
857,2025-12-12 09:32:18.318162+00:00,25.15,41.996,-0.6469999999999985
858,2025-12-12 09:32:39.064711+00:00,25.02,42.57899999999999,0.19433333333333044
858,2025-12-12 09:32:39.064711+00:00,25.03,44.928000000000004,0.7830000000000036
858,2025-12-12 09:32:39.064711+00:00,24.65,43.622,-0.43533333333333485
858,2025-12-12 09:32:39.064711+00:00,24.42,38.15,-1.8240000000000005
859,2025-12-12 09:32:59.570551+00:00,25.35,30.090999999999998,-2.6863333333333337
859,2025-12-12 09:32:59.570551+00:00,25.54,21.46,-2.876999999999999
859,2025-12-12 09:32:59.570551+00:00,25.33,20.656,-0.2680000000000007
859,2025-12-12 09:32:59.570551+00:00,25.48,20.462,-0.06466666666666636
860,2025-12-12 09:33:20.251886+00:00,25.35,20.506,0.014666666666666828
860,2025-12-12 09:33:20.251886+00:00,25.11,21.138,0.21066666666666714
860,2025-12-12 09:33:20.251886+00:00,26.2,20.854,-0.0946666666666675
860,2025-12-12 09:33:20.251886+00:00,27.04,20.967,0.037666666666666515
861,2025-12-12 09:33:40.937039+00:00,27.16,20.973000000000003,0.00200000000000126
861,2025-12-12 09:33:40.937039+00:00,27.19,20.541,-0.1440000000000007
861,2025-12-12 09:33:40.937039+00:00,27.22,20.506999999999998,-0.011333333333334158
861,2025-12-12 09:33:40.937039+00:00,27.21,20.735,0.07600000000000051
862,2025-12-12 09:34:01.401130+00:00,27.05,28.804000000000002,2.6896666666666675
862,2025-12-12 09:34:01.401130+00:00,27.01,23.334,-1.8233333333333341
862,2025-12-12 09:34:01.401130+00:00,25.75,36.095,4.253666666666667
862,2025-12-12 09:34:01.401130+00:00,25.27,33.755,-0.7799999999999988
863,2025-12-12 09:34:22.094806+00:00,25.64,35.42,0.5549999999999997
863,2025-12-12 09:34:22.094806+00:00,25.69,35.476000000000006,0.018666666666668164
863,2025-12-12 09:34:22.094806+00:00,25.69,35.388000000000005,-0.029333333333333655
863,2025-12-12 09:34:22.094806+00:00,25.6,35.342,-0.015333333333335494
865,2025-12-12 09:34:43.273499+00:00,25.6,35.523999999999994,0.060666666666665016
865,2025-12-12 09:34:43.273499+00:00,25.74,35.451,-0.024333333333331097
865,2025-12-12 09:34:43.273499+00:00,25.99,35.568999999999996,0.039333333333331666
865,2025-12-12 09:34:43.273499+00:00,26.35,34.687,-0.2939999999999993
866,2025-12-12 09:35:03.775842+00:00,26.18,39.313,1.5420000000000016
866,2025-12-12 09:35:03.775842+00:00,26.03,39.457,0.04799999999999945
866,2025-12-12 09:35:03.775842+00:00,25.46,46.55,2.3643333333333323
866,2025-12-12 09:35:03.775842+00:00,25.25,47.963,0.47100000000000125
867,2025-12-12 09:35:24.492352+00:00,25.22,48.005,0.014000000000000531
867,2025-12-12 09:35:24.492352+00:00,25.36,48.027,0.0073333333333328215
867,2025-12-12 09:35:24.492352+00:00,25.71,48.05,0.007666666666665378
867,2025-12-12 09:35:24.492352+00:00,26.3,47.966,-0.027999999999998693
868,2025-12-12 09:35:45.181436+00:00,26.29,48.407,0.14699999999999847
868,2025-12-12 09:35:45.181436+00:00,26.3,46.325,-0.6939999999999978
868,2025-12-12 09:35:45.181436+00:00,26.28,37.49100000000001,-2.944666666666665
868,2025-12-12 09:35:45.181436+00:00,24.99,36.99100000000001,-0.16666666666666666
869,2025-12-12 09:36:05.682810+00:00,24.99,36.907,-0.02800000000000343
869,2025-12-12 09:36:05.682810+00:00,25.18,36.765,-0.04733333333333197
869,2025-12-12 09:36:05.682810+00:00,26.0,36.791000000000004,0.008666666666667785
869,2025-12-12 09:36:05.682810+00:00,25.41,36.968999999999994,0.05933333333333005
870,2025-12-12 09:36:26.358147+00:00,25.08,35.897,-0.3573333333333319
870,2025-12-12 09:36:26.358147+00:00,25.0,35.883,-0.0046666666666652645
870,2025-12-12 09:36:26.358147+00:00,25.02,35.841,-0.014000000000000531
870,2025-12-12 09:36:26.358147+00:00,24.85,35.847,0.002000000000000076
871,2025-12-12 09:36:47.078136+00:00,24.51,35.724,-0.041000000000001556
871,2025-12-12 09:36:47.078136+00:00,24.88,35.882,0.052666666666667084
871,2025-12-12 09:36:47.078136+00:00,26.01,35.732,-0.049999999999999524
871,2025-12-12 09:36:47.078136+00:00,26.81,35.619,-0.037666666666666515
872,2025-12-12 09:37:07.589833+00:00,27.18,35.675,0.018666666666665794
872,2025-12-12 09:37:07.589833+00:00,27.26,34.902,-0.2576666666666654
872,2025-12-12 09:37:07.589833+00:00,26.36,35.038000000000004,0.04533333333333426
872,2025-12-12 09:37:07.589833+00:00,25.7,27.666,-2.4573333333333345
874,2025-12-12 09:37:38.282033+00:00,26.51,27.480999999999998,-0.061666666666667425
874,2025-12-12 09:37:38.282033+00:00,26.74,26.918000000000003,-0.1876666666666651
874,2025-12-12 09:37:38.282033+00:00,26.64,36.898,3.3266666666666667
874,2025-12-12 09:37:38.282033+00:00,26.56,41.288000000000004,1.4633333333333336
875,2025-12-12 09:37:59.004496+00:00,26.83,41.227,-0.020333333333335684
875,2025-12-12 09:37:59.004496+00:00,25.36,41.586999999999996,0.11999999999999982
875,2025-12-12 09:37:59.004496+00:00,24.67,36.086000000000006,-1.8336666666666634
875,2025-12-12 09:37:59.004496+00:00,24.89,36.058,-0.009333333333335267
876,2025-12-12 09:38:19.697254+00:00,25.38,36.00899999999999,-0.01633333333333553
876,2025-12-12 09:38:19.697254+00:00,26.56,35.986000000000004,-0.0076666666666630095
876,2025-12-12 09:38:19.697254+00:00,26.97,36.1,0.03799999999999907
876,2025-12-12 09:38:19.697254+00:00,26.81,25.264,-3.6120000000000005
877,2025-12-12 09:38:40.189036+00:00,27.06,25.803,0.17966666666666717
877,2025-12-12 09:38:40.189036+00:00,27.1,25.78,-0.007666666666666562
877,2025-12-12 09:38:40.189036+00:00,27.1,25.820999999999998,0.013666666666665606
877,2025-12-12 09:38:40.189036+00:00,26.86,27.974,0.7176666666666675
878,2025-12-12 09:39:00.908999+00:00,26.92,19.92,-2.6846666666666663
878,2025-12-12 09:39:00.908999+00:00,26.97,19.156,-0.25466666666666765
878,2025-12-12 09:39:00.908999+00:00,26.83,19.261,0.03500000000000014
878,2025-12-12 09:39:00.908999+00:00,26.48,19.135,-0.041999999999999225
879,2025-12-12 09:39:21.626570+00:00,26.61,17.175,-0.6533333333333337
879,2025-12-12 09:39:21.626570+00:00,26.69,19.365,0.7299999999999992
879,2025-12-12 09:39:21.626570+00:00,26.71,21.36,0.6650000000000004
879,2025-12-12 09:39:21.626570+00:00,26.79,26.449,1.6963333333333341
881,2025-12-12 09:39:42.649603+00:00,26.96,26.45,0.0003333333333325565
881,2025-12-12 09:39:42.649603+00:00,26.8,24.458000000000002,-0.6639999999999991
881,2025-12-12 09:39:42.649603+00:00,26.96,24.436,-0.007333333333334006
881,2025-12-12 09:39:42.649603+00:00,27.03,24.428,-0.002666666666666373
882,2025-12-12 09:40:03.308641+00:00,27.03,27.467,1.0129999999999992
882,2025-12-12 09:40:03.308641+00:00,27.03,27.415,-0.0173333333333332
882,2025-12-12 09:40:03.308641+00:00,26.94,27.339000000000002,-0.02533333333333232
882,2025-12-12 09:40:03.308641+00:00,27.06,32.668,1.7763333333333324
883,2025-12-12 09:40:24.003676+00:00,27.05,32.69,0.0073333333333328215
883,2025-12-12 09:40:24.003676+00:00,25.92,19.843000000000004,-4.282333333333331
883,2025-12-12 09:40:24.003676+00:00,26.96,21.453000000000003,0.5366666666666665
883,2025-12-12 09:40:24.003676+00:00,26.99,21.465999999999998,0.004333333333331524
884,2025-12-12 09:40:44.513175+00:00,26.86,21.488000000000003,0.00733333333333519
884,2025-12-12 09:40:44.513175+00:00,26.86,21.464000000000002,-0.008000000000000304
884,2025-12-12 09:40:44.513175+00:00,26.79,21.514,0.01666666666666572
884,2025-12-12 09:40:44.513175+00:00,26.84,21.55,0.012000000000000455
885,2025-12-12 09:41:05.194084+00:00,26.94,21.511999999999997,-0.012666666666667936
885,2025-12-12 09:41:05.194084+00:00,26.96,21.426,-0.028666666666666174
885,2025-12-12 09:41:05.194084+00:00,26.79,21.528000000000002,0.034000000000001286
885,2025-12-12 09:41:05.194084+00:00,26.88,21.502,-0.008666666666667785
886,2025-12-12 09:41:25.890095+00:00,26.98,21.644000000000002,0.04733333333333434
886,2025-12-12 09:41:25.890095+00:00,26.51,21.991999999999997,0.11599999999999848
886,2025-12-12 09:41:25.890095+00:00,25.33,21.669,-0.10766666666666562
886,2025-12-12 09:41:25.890095+00:00,26.27,21.589000000000002,-0.0266666666666661
887,2025-12-12 09:41:46.440923+00:00,26.06,21.969,0.12666666666666634
887,2025-12-12 09:41:46.440923+00:00,26.41,21.845,-0.04133333333333411
887,2025-12-12 09:41:46.440923+00:00,26.5,26.941,1.6986666666666668
887,2025-12-12 09:41:46.440923+00:00,25.69,37.18,3.4130000000000003
888,2025-12-12 09:42:07.122030+00:00,25.57,36.553000000000004,-0.20899999999999844
888,2025-12-12 09:42:07.122030+00:00,25.83,35.751000000000005,-0.2673333333333332
888,2025-12-12 09:42:07.122030+00:00,25.7,35.593,-0.052666666666667084
888,2025-12-12 09:42:07.122030+00:00,25.81,35.653999999999996,0.020333333333330945
889,2025-12-12 09:42:27.801644+00:00,25.97,35.56,-0.03133333333333136
889,2025-12-12 09:42:27.801644+00:00,25.64,35.493,-0.02233333333333339
889,2025-12-12 09:42:27.801644+00:00,25.25,35.847,0.11799999999999973
889,2025-12-12 09:42:27.801644+00:00,24.78,35.582,-0.08833333333333353
890,2025-12-12 09:42:38.299304+00:00,24.7,35.699,0.03899999999999911
890,2025-12-12 09:42:38.299304+00:00,24.39,35.507,-0.06400000000000006
890,2025-12-12 09:42:38.299304+00:00,24.35,35.65,0.04766666666666689
890,2025-12-12 09:42:38.299304+00:00,24.41,35.434,-0.07200000000000036
891,2025-12-12 09:42:58.991635+00:00,24.31,35.521,0.029000000000001098
891,2025-12-12 09:42:58.991635+00:00,24.3,35.558,0.01233333333333301
891,2025-12-12 09:42:58.991635+00:00,24.42,35.265,-0.09766666666666642
891,2025-12-12 09:42:58.991635+00:00,26.78,35.196999999999996,-0.022666666666668316
892,2025-12-12 09:43:19.494275+00:00,27.26,35.157,-0.01333333333333305
892,2025-12-12 09:43:19.494275+00:00,27.3,35.361000000000004,0.06800000000000257
892,2025-12-12 09:43:19.494275+00:00,26.0,35.312,-0.01633333333333553
892,2025-12-12 09:43:19.494275+00:00,24.76,35.426,0.03800000000000144
893,2025-12-12 09:43:40.219641+00:00,25.24,34.443000000000005,-0.32766666666666566
893,2025-12-12 09:43:40.219641+00:00,26.49,34.446999999999996,0.001333333333330226
893,2025-12-12 09:43:40.219641+00:00,27.21,34.511,0.02133333333333572
893,2025-12-12 09:43:40.219641+00:00,26.57,32.705,-0.6020000000000015
894,2025-12-12 09:44:00.900971+00:00,25.67,32.826,0.040333333333334075
894,2025-12-12 09:44:00.900971+00:00,26.98,30.686,-0.7133333333333335
894,2025-12-12 09:44:00.900971+00:00,26.9,31.235,0.18299999999999983
894,2025-12-12 09:44:00.900971+00:00,26.81,33.18,0.6483333333333334
895,2025-12-12 09:44:21.401079+00:00,24.65,33.46,0.09333333333333371
895,2025-12-12 09:44:21.401079+00:00,24.85,33.84,0.1266666666666675
895,2025-12-12 09:44:21.401079+00:00,24.48,27.3,-2.180000000000001
895,2025-12-12 09:44:21.401079+00:00,24.24,27.004,-0.09866666666666646
897,2025-12-12 09:44:42.588292+00:00,26.79,19.774,-2.41
897,2025-12-12 09:44:42.588292+00:00,27.14,18.715999999999998,-0.3526666666666678
897,2025-12-12 09:44:42.588292+00:00,27.16,16.924,-0.5973333333333327
897,2025-12-12 09:44:42.588292+00:00,27.18,19.21,0.7620000000000005
898,2025-12-12 09:45:03.183631+00:00,27.12,18.193,-0.3389999999999998
898,2025-12-12 09:45:03.183631+00:00,26.58,20.68,0.8289999999999994
898,2025-12-12 09:45:03.183631+00:00,26.55,20.865,0.06166666666666624
898,2025-12-12 09:45:03.183631+00:00,27.1,20.775,-0.029999999999999954
899,2025-12-12 09:45:23.698280+00:00,26.84,20.976999999999997,0.06733333333333273
899,2025-12-12 09:45:23.698280+00:00,26.86,15.195,-1.9273333333333322
899,2025-12-12 09:45:23.698280+00:00,26.68,20.088,1.6310000000000002
899,2025-12-12 09:45:23.698280+00:00,26.87,20.265,0.058999999999999865
900,2025-12-12 09:45:44.370682+00:00,27.02,40.408,6.714333333333333
900,2025-12-12 09:45:44.370682+00:00,26.67,38.773,-0.5449999999999994
900,2025-12-12 09:45:44.370682+00:00,26.47,46.568999999999996,2.5986666666666642
900,2025-12-12 09:45:44.370682+00:00,26.69,47.147,0.19266666666666765
901,2025-12-12 09:46:05.088248+00:00,26.81,42.101000000000006,-1.6819999999999975
901,2025-12-12 09:46:05.088248+00:00,26.98,41.489,-0.20400000000000298
901,2025-12-12 09:46:05.088248+00:00,26.8,42.023,0.17800000000000202
901,2025-12-12 09:46:05.088248+00:00,27.23,39.198,-0.9416666666666677
902,2025-12-12 09:46:25.622467+00:00,27.23,39.93,0.24399999999999977
902,2025-12-12 09:46:25.622467+00:00,27.01,30.299,-3.2103333333333333
902,2025-12-12 09:46:25.622467+00:00,26.24,38.167,2.6226666666666674
902,2025-12-12 09:46:25.622467+00:00,25.88,38.693999999999996,0.17566666666666464
903,2025-12-12 09:46:46.403892+00:00,25.83,38.17,-0.1746666666666646
903,2025-12-12 09:46:46.403892+00:00,25.0,36.978,-0.39733333333333337
903,2025-12-12 09:46:46.403892+00:00,25.16,37.088,0.03666666666666648
903,2025-12-12 09:46:46.403892+00:00,25.42,36.56399999999999,-0.17466666666666933
904,2025-12-12 09:47:07.100508+00:00,24.83,37.063,0.16633333333333647
904,2025-12-12 09:47:07.100508+00:00,26.18,30.195,-2.289333333333334
904,2025-12-12 09:47:07.100508+00:00,25.92,36.91,2.238333333333332
904,2025-12-12 09:47:07.100508+00:00,25.84,34.701,-0.7363333333333321
905,2025-12-12 09:47:27.582222+00:00,25.47,34.504,-0.06566666666666758
905,2025-12-12 09:47:27.582222+00:00,24.59,34.523,0.006333333333335152
905,2025-12-12 09:47:27.582222+00:00,24.25,34.58,0.01899999999999835
905,2025-12-12 09:47:27.582222+00:00,24.05,34.81,0.07666666666666799
906,2025-12-12 09:47:38.225765+00:00,24.3,34.997,0.06233333333333254
906,2025-12-12 09:47:38.225765+00:00,24.66,34.946000000000005,-0.016999999999998277
906,2025-12-12 09:47:38.225765+00:00,24.58,35.172,0.07533333333333066
906,2025-12-12 09:47:38.225765+00:00,24.76,35.071000000000005,-0.03366666666666399
907,2025-12-12 09:47:58.723254+00:00,25.32,34.885,-0.06200000000000235
907,2025-12-12 09:47:58.723254+00:00,24.68,35.04,0.05166666666666705
907,2025-12-12 09:47:58.723254+00:00,24.37,35.165,0.041666666666666664
907,2025-12-12 09:47:58.723254+00:00,24.36,35.138999999999996,-0.008666666666667785
908,2025-12-12 09:48:19.429450+00:00,24.02,34.997,-0.04733333333333197
908,2025-12-12 09:48:19.429450+00:00,24.43,34.839,-0.052666666666667084
908,2025-12-12 09:48:19.429450+00:00,24.39,35.346000000000004,0.16900000000000168
908,2025-12-12 09:48:19.429450+00:00,24.33,34.711000000000006,-0.211666666666666
909,2025-12-12 09:48:40.123396+00:00,24.17,34.201,-0.1700000000000017
909,2025-12-12 09:48:40.123396+00:00,23.85,34.468999999999994,0.0893333333333312
909,2025-12-12 09:48:40.123396+00:00,23.76,34.278999999999996,-0.06333333333333258
909,2025-12-12 09:48:40.123396+00:00,23.73,34.324,0.015000000000000568
910,2025-12-12 09:49:00.654602+00:00,23.66,34.533,0.06966666666666772
910,2025-12-12 09:49:00.654602+00:00,23.55,34.106,-0.1423333333333332
910,2025-12-12 09:49:00.654602+00:00,23.54,34.364,0.08599999999999852
910,2025-12-12 09:49:00.654602+00:00,23.54,33.92100000000001,-0.1476666666666636
911,2025-12-12 09:49:21.301319+00:00,23.62,37.883,1.3206666666666653
911,2025-12-12 09:49:21.301319+00:00,23.65,39.43899999999999,0.5186666666666634
911,2025-12-12 09:49:21.301319+00:00,23.74,39.757,0.10600000000000165
911,2025-12-12 09:49:21.301319+00:00,23.81,39.757,0.0
913,2025-12-12 09:49:42.481264+00:00,24.46,38.98,-0.25900000000000034
913,2025-12-12 09:49:42.481264+00:00,25.56,38.91,-0.023333333333333428
913,2025-12-12 09:49:42.481264+00:00,25.68,38.498000000000005,-0.13733333333333064
913,2025-12-12 09:49:42.481264+00:00,25.05,36.632,-0.6220000000000022
914,2025-12-12 09:50:02.995886+00:00,24.64,36.663000000000004,0.010333333333335304
914,2025-12-12 09:50:02.995886+00:00,24.45,35.972,-0.23033333333333417
914,2025-12-12 09:50:02.995886+00:00,24.74,35.278,-0.2313333333333342
914,2025-12-12 09:50:02.995886+00:00,24.74,34.897,-0.12700000000000009
915,2025-12-12 09:50:23.697411+00:00,24.65,33.685,-0.40399999999999875
915,2025-12-12 09:50:23.697411+00:00,24.33,34.067,0.12733333333333263
915,2025-12-12 09:50:23.697411+00:00,24.17,33.306999999999995,-0.253333333333335
915,2025-12-12 09:50:23.697411+00:00,24.18,32.631,-0.2253333333333316
916,2025-12-12 09:50:44.388830+00:00,24.26,35.428999999999995,0.9326666666666649
916,2025-12-12 09:50:44.388830+00:00,24.04,42.083999999999996,2.2183333333333337
916,2025-12-12 09:50:44.388830+00:00,24.03,42.31100000000001,0.07566666666667032
916,2025-12-12 09:50:44.388830+00:00,23.91,42.599,0.09599999999999653
917,2025-12-12 09:51:04.918949+00:00,24.04,42.44,-0.05299999999999964
917,2025-12-12 09:51:04.918949+00:00,24.06,42.28,-0.0533333333333322
917,2025-12-12 09:51:04.918949+00:00,24.08,42.292,0.004000000000000152
917,2025-12-12 09:51:04.918949+00:00,24.06,42.343999999999994,0.01733333333333083
918,2025-12-12 09:51:25.579834+00:00,24.06,42.573,0.07633333333333543
918,2025-12-12 09:51:25.579834+00:00,24.0,42.598,0.00833333333333286
918,2025-12-12 09:51:25.579834+00:00,23.87,42.684,0.028666666666666174
918,2025-12-12 09:51:25.579834+00:00,23.87,41.708999999999996,-0.32500000000000046
919,2025-12-12 09:51:46.320341+00:00,23.95,40.98,-0.24299999999999974
919,2025-12-12 09:51:46.320341+00:00,24.1,40.653,-0.10899999999999939
919,2025-12-12 09:51:46.320341+00:00,24.42,40.703,0.01666666666666809
919,2025-12-12 09:51:46.320341+00:00,24.46,40.743,0.01333333333333305
920,2025-12-12 09:52:06.809518+00:00,24.55,31.447,-3.098666666666668
920,2025-12-12 09:52:06.809518+00:00,24.4,30.07,-0.45899999999999963
920,2025-12-12 09:52:06.809518+00:00,24.43,29.578000000000003,-0.16399999999999912
920,2025-12-12 09:52:06.809518+00:00,25.78,29.549,-0.009666666666667822
921,2025-12-12 09:52:27.480240+00:00,25.11,30.136999999999997,0.19599999999999915
921,2025-12-12 09:52:27.480240+00:00,24.44,29.857,-0.09333333333333253
921,2025-12-12 09:52:27.480240+00:00,24.34,29.559,-0.09933333333333276
921,2025-12-12 09:52:27.480240+00:00,26.18,29.441,-0.03933333333333403
922,2025-12-12 09:52:37.975893+00:00,25.79,29.599,0.052666666666667084
922,2025-12-12 09:52:37.975893+00:00,24.58,29.365,-0.07800000000000058
922,2025-12-12 09:52:37.975893+00:00,24.54,29.712,0.1156666666666671
922,2025-12-12 09:52:37.975893+00:00,24.56,29.247,-0.15499999999999994
923,2025-12-12 09:52:58.670055+00:00,23.9,29.534000000000002,0.09566666666666752
923,2025-12-12 09:52:58.670055+00:00,23.83,29.534000000000002,0.0
923,2025-12-12 09:52:58.670055+00:00,24.44,29.454,-0.026666666666667282
923,2025-12-12 09:52:58.670055+00:00,24.66,29.265,-0.06300000000000001
924,2025-12-12 09:53:19.336375+00:00,25.55,29.555,0.09666666666666639
924,2025-12-12 09:53:19.336375+00:00,23.89,29.625,0.023333333333333428
924,2025-12-12 09:53:19.336375+00:00,24.31,29.383000000000003,-0.08066666666666578
924,2025-12-12 09:53:19.336375+00:00,24.64,29.348000000000003,-0.011666666666666714
925,2025-12-12 09:53:39.842753+00:00,24.03,29.596,0.08266666666666585
925,2025-12-12 09:53:39.842753+00:00,23.87,29.495,-0.033666666666666366
925,2025-12-12 09:53:39.842753+00:00,23.92,29.815,0.10666666666666676
925,2025-12-12 09:53:39.842753+00:00,23.91,29.697,-0.03933333333333403
926,2025-12-12 09:54:00.540306+00:00,23.89,29.741999999999997,0.014999999999999384
926,2025-12-12 09:54:00.540306+00:00,23.97,27.842,-0.6333333333333329
926,2025-12-12 09:54:00.540306+00:00,23.99,34.238,2.132
926,2025-12-12 09:54:00.540306+00:00,24.05,39.466,1.7426666666666673
927,2025-12-12 09:54:21.229057+00:00,24.15,39.394,-0.02400000000000091
927,2025-12-12 09:54:21.229057+00:00,24.18,39.368,-0.008666666666665416
927,2025-12-12 09:54:21.229057+00:00,24.15,39.55,0.060666666666665016
927,2025-12-12 09:54:21.229057+00:00,24.09,39.141999999999996,-0.13600000000000043
929,2025-12-12 09:54:42.229685+00:00,24.09,39.617,0.1583333333333338
929,2025-12-12 09:54:42.229685+00:00,23.86,39.626000000000005,0.003000000000002482
929,2025-12-12 09:54:42.229685+00:00,23.88,39.37,-0.08533333333333577
929,2025-12-12 09:54:42.229685+00:00,23.9,39.248999999999995,-0.040333333333334075
930,2025-12-12 09:55:02.881018+00:00,23.95,39.601000000000006,0.117333333333337
930,2025-12-12 09:55:02.881018+00:00,24.32,39.292,-0.10300000000000153
930,2025-12-12 09:55:02.881018+00:00,24.38,39.437,0.04833333333333201
930,2025-12-12 09:55:02.881018+00:00,24.19,39.27,-0.05566666666666483
931,2025-12-12 09:55:23.589111+00:00,23.8,39.309,0.012999999999998124
931,2025-12-12 09:55:23.589111+00:00,23.93,39.067,-0.08066666666666578
931,2025-12-12 09:55:23.589111+00:00,24.18,38.986999999999995,-0.026666666666668466
931,2025-12-12 09:55:23.589111+00:00,24.29,39.048,0.020333333333335684
932,2025-12-12 09:55:44.093332+00:00,24.28,39.173,0.041666666666666664
932,2025-12-12 09:55:44.093332+00:00,24.16,38.961999999999996,-0.0703333333333352
932,2025-12-12 09:55:44.093332+00:00,24.18,38.997,0.011666666666667899
932,2025-12-12 09:55:44.093332+00:00,24.27,38.992,-0.0016666666666675194
933,2025-12-12 09:56:04.783059+00:00,24.27,38.882,-0.03666666666666648
933,2025-12-12 09:56:04.783059+00:00,24.24,38.781000000000006,-0.03366666666666399
933,2025-12-12 09:56:04.783059+00:00,24.35,49.928000000000004,3.715666666666666
933,2025-12-12 09:56:04.783059+00:00,24.3,40.248999999999995,-3.2263333333333364
934,2025-12-12 09:56:25.478988+00:00,24.33,40.089,-0.0533333333333322
934,2025-12-12 09:56:25.478988+00:00,24.4,39.552,-0.1789999999999997
934,2025-12-12 09:56:25.478988+00:00,24.54,38.806999999999995,-0.24833333333333485
934,2025-12-12 09:56:25.478988+00:00,24.98,38.778,-0.009666666666665455
935,2025-12-12 09:56:45.974457+00:00,24.54,39.218999999999994,0.14699999999999847
935,2025-12-12 09:56:45.974457+00:00,24.5,39.211000000000006,-0.0026666666666628203
935,2025-12-12 09:56:45.974457+00:00,24.52,39.203,-0.0026666666666675574
935,2025-12-12 09:56:45.974457+00:00,25.21,37.733000000000004,-0.4899999999999996
936,2025-12-12 09:57:06.680823+00:00,24.71,37.732,-0.00033333333333492493
936,2025-12-12 09:57:06.680823+00:00,24.68,37.747,0.005000000000000189
936,2025-12-12 09:57:06.680823+00:00,25.19,37.806999999999995,0.01999999999999839
936,2025-12-12 09:57:06.680823+00:00,26.37,37.901,0.0313333333333361
937,2025-12-12 09:57:27.398111+00:00,25.2,37.823,-0.026000000000000984
937,2025-12-12 09:57:27.398111+00:00,24.95,38.027,0.06800000000000021
937,2025-12-12 09:57:27.398111+00:00,24.89,37.935,-0.03066666666666625
937,2025-12-12 09:57:27.398111+00:00,24.97,38.075,0.046666666666666856
938,2025-12-12 09:57:37.927665+00:00,24.63,38.159,0.027999999999998693
938,2025-12-12 09:57:37.927665+00:00,24.62,38.08,-0.026333333333333542
938,2025-12-12 09:57:37.927665+00:00,24.51,38.208999999999996,0.04299999999999926
938,2025-12-12 09:57:37.927665+00:00,24.45,39.442,0.41100000000000136
939,2025-12-12 09:57:58.632344+00:00,24.53,35.94,-1.1673333333333342
939,2025-12-12 09:57:58.632344+00:00,24.58,35.913999999999994,-0.008666666666667785
939,2025-12-12 09:57:58.632344+00:00,24.81,36.23,0.10533333333333417
939,2025-12-12 09:57:58.632344+00:00,24.68,35.773,-0.1523333333333312
940,2025-12-12 09:58:19.123215+00:00,25.95,35.751000000000005,-0.0073333333333328215
940,2025-12-12 09:58:19.123215+00:00,25.59,35.891999999999996,0.046999999999997044
940,2025-12-12 09:58:19.123215+00:00,25.71,35.643,-0.08299999999999841
940,2025-12-12 09:58:19.123215+00:00,25.14,35.766999999999996,0.041333333333331744
941,2025-12-12 09:58:39.832552+00:00,26.22,35.714,-0.01766666666666576
941,2025-12-12 09:58:39.832552+00:00,24.81,35.828,0.03800000000000144
941,2025-12-12 09:58:39.832552+00:00,24.34,35.786,-0.014000000000000531
941,2025-12-12 09:58:39.832552+00:00,24.34,35.69,-0.032000000000001215
942,2025-12-12 09:59:00.519580+00:00,24.29,36.022,0.11066666666666691
942,2025-12-12 09:59:00.519580+00:00,24.21,35.722,-0.09999999999999905
942,2025-12-12 09:59:00.519580+00:00,24.12,36.261,0.17966666666666717
942,2025-12-12 09:59:00.519580+00:00,24.07,36.132,-0.04300000000000163
943,2025-12-12 09:59:20.978567+00:00,24.09,39.049,0.9723333333333338
943,2025-12-12 09:59:20.978567+00:00,24.24,37.607,-0.48066666666666674
943,2025-12-12 09:59:20.978567+00:00,24.22,37.607,0.0
943,2025-12-12 09:59:20.978567+00:00,24.16,37.339,-0.08933333333333356
945,2025-12-12 09:59:42.165417+00:00,24.14,37.371,0.01066666666666786
945,2025-12-12 09:59:42.165417+00:00,24.17,37.2,-0.056999999999999794
945,2025-12-12 09:59:42.165417+00:00,24.4,37.246,0.015333333333333124
945,2025-12-12 09:59:42.165417+00:00,24.49,37.13,-0.03866666666666655
946,2025-12-12 10:00:02.791874+00:00,24.32,37.56,0.14333333333333323
946,2025-12-12 10:00:02.791874+00:00,24.44,37.57899999999999,0.006333333333330415
946,2025-12-12 10:00:02.791874+00:00,24.25,37.211999999999996,-0.12233333333333245
946,2025-12-12 10:00:02.791874+00:00,24.27,37.363,0.05033333333333445
947,2025-12-12 10:00:23.291864+00:00,24.33,37.225,-0.045999999999999375
947,2025-12-12 10:00:23.291864+00:00,24.35,37.592,0.12233333333333245
947,2025-12-12 10:00:23.291864+00:00,24.31,37.49,-0.03399999999999892
947,2025-12-12 10:00:23.291864+00:00,24.45,37.521,0.010333333333332936
948,2025-12-12 10:00:43.948195+00:00,24.4,37.676,0.05166666666666705
948,2025-12-12 10:00:43.948195+00:00,24.26,37.41,-0.08866666666666845
948,2025-12-12 10:00:43.948195+00:00,24.39,34.301,-1.0363333333333316
948,2025-12-12 10:00:43.948195+00:00,24.31,43.308,3.0023333333333326
949,2025-12-12 10:01:04.639504+00:00,24.32,34.647,-2.8870000000000005
949,2025-12-12 10:01:04.639504+00:00,24.41,36.809,0.7206666666666663
949,2025-12-12 10:01:04.639504+00:00,24.22,36.74,-0.022999999999998504
949,2025-12-12 10:01:04.639504+00:00,24.08,36.847,0.03566666666666644
950,2025-12-12 10:01:25.142258+00:00,24.06,36.727,-0.040000000000001514
950,2025-12-12 10:01:25.142258+00:00,24.37,36.42100000000001,-0.10199999999999676
950,2025-12-12 10:01:25.142258+00:00,24.32,36.38,-0.013666666666667973
950,2025-12-12 10:01:25.142258+00:00,24.13,36.419,0.012999999999998124
951,2025-12-12 10:01:45.835254+00:00,24.29,36.269,-0.049999999999999524
951,2025-12-12 10:01:45.835254+00:00,24.6,36.489,0.07333333333333296
951,2025-12-12 10:01:45.835254+00:00,24.69,36.288999999999994,-0.06666666666666761
951,2025-12-12 10:01:45.835254+00:00,24.78,36.361000000000004,0.02400000000000328
952,2025-12-12 10:02:06.521511+00:00,24.98,36.196000000000005,-0.054999999999999716
952,2025-12-12 10:02:06.521511+00:00,25.17,36.463,0.08899999999999864
952,2025-12-12 10:02:06.521511+00:00,25.23,36.229,-0.07800000000000058
952,2025-12-12 10:02:06.521511+00:00,24.91,36.146,-0.027666666666666135
953,2025-12-12 10:02:27.050244+00:00,25.02,36.525,0.1263333333333326
953,2025-12-12 10:02:27.050244+00:00,24.79,36.589,0.021333333333333353
953,2025-12-12 10:02:27.050244+00:00,24.84,38.994,0.8016666666666671
953,2025-12-12 10:02:27.050244+00:00,24.86,39.076,0.02733333333333358
954,2025-12-12 10:02:37.727980+00:00,24.93,38.746,-0.10999999999999943
954,2025-12-12 10:02:37.727980+00:00,25.04,39.275,0.17633333333333212
954,2025-12-12 10:02:37.727980+00:00,25.08,43.817,1.5140000000000005
954,2025-12-12 10:02:37.727980+00:00,25.33,37.498999999999995,-2.1060000000000016
955,2025-12-12 10:02:58.245589+00:00,25.7,28.305999999999997,-3.0643333333333325
955,2025-12-12 10:02:58.245589+00:00,26.25,28.500999999999998,0.0650000000000001
955,2025-12-12 10:02:58.245589+00:00,26.7,28.307,-0.06466666666666636
955,2025-12-12 10:02:58.245589+00:00,26.69,20.93,-2.4589999999999996
956,2025-12-12 10:03:18.944217+00:00,25.9,19.183000000000003,-0.5823333333333321
956,2025-12-12 10:03:18.944217+00:00,25.99,15.763000000000002,-1.1400000000000006
956,2025-12-12 10:03:18.944217+00:00,25.67,17.006,0.41433333333333283
956,2025-12-12 10:03:18.944217+00:00,25.25,17.529,0.17433333333333323
957,2025-12-12 10:03:39.673683+00:00,25.89,17.81,0.09366666666666627
957,2025-12-12 10:03:39.673683+00:00,25.39,19.686,0.6253333333333337
957,2025-12-12 10:03:39.673683+00:00,25.67,19.217,-0.15633333333333374
957,2025-12-12 10:03:39.673683+00:00,24.6,18.04,-0.3923333333333332
958,2025-12-12 10:04:00.180271+00:00,25.89,19.958000000000002,0.6393333333333343
958,2025-12-12 10:04:00.180271+00:00,26.46,19.896,-0.020666666666667055
958,2025-12-12 10:04:00.180271+00:00,26.37,18.464000000000002,-0.4773333333333329
958,2025-12-12 10:04:00.180271+00:00,26.61,21.642,1.0593333333333323
959,2025-12-12 10:04:20.903742+00:00,26.67,21.57,-0.023999999999999726
959,2025-12-12 10:04:20.903742+00:00,25.91,20.752,-0.2726666666666671
959,2025-12-12 10:04:20.903742+00:00,25.46,22.054000000000002,0.43400000000000105
959,2025-12-12 10:04:20.903742+00:00,26.11,27.416999999999998,1.7876666666666654
961,2025-12-12 10:04:42.099639+00:00,26.22,27.111,-0.10199999999999913
961,2025-12-12 10:04:42.099639+00:00,25.5,27.525,0.13799999999999932
961,2025-12-12 10:04:42.099639+00:00,25.93,27.342,-0.06099999999999994
961,2025-12-12 10:04:42.099639+00:00,25.33,27.639,0.0990000000000002
962,2025-12-12 10:05:02.747351+00:00,25.16,27.451999999999998,-0.06233333333333372
962,2025-12-12 10:05:02.747351+00:00,25.67,27.057,-0.13166666666666652
962,2025-12-12 10:05:02.747351+00:00,26.49,27.174,0.03900000000000029
962,2025-12-12 10:05:02.747351+00:00,26.76,27.13,-0.014666666666666828
963,2025-12-12 10:05:23.394324+00:00,26.58,27.316999999999997,0.06233333333333254
963,2025-12-12 10:05:23.394324+00:00,25.3,27.178,-0.04633333333333193
963,2025-12-12 10:05:23.394324+00:00,25.28,27.239,0.020333333333333314
963,2025-12-12 10:05:23.394324+00:00,25.24,27.12,-0.03966666666666659
964,2025-12-12 10:05:44.086548+00:00,25.01,27.013,-0.03566666666666644
964,2025-12-12 10:05:44.086548+00:00,25.08,27.965,0.31733333333333275
964,2025-12-12 10:05:44.086548+00:00,25.23,28.021,0.01866666666666698
964,2025-12-12 10:05:44.086548+00:00,25.67,28.084,0.020999999999999613
965,2025-12-12 10:06:04.582143+00:00,26.17,28.073,-0.0036666666666664107
965,2025-12-12 10:06:04.582143+00:00,26.33,27.958000000000002,-0.03833333333333281
965,2025-12-12 10:06:04.582143+00:00,25.87,21.844,-2.0380000000000003
965,2025-12-12 10:06:04.582143+00:00,25.09,21.160999999999998,-0.2276666666666678
966,2025-12-12 10:06:25.292718+00:00,25.18,21.344,0.06100000000000113
966,2025-12-12 10:06:25.292718+00:00,25.36,22.138,0.2646666666666668
966,2025-12-12 10:06:25.292718+00:00,24.82,24.875999999999998,0.9126666666666653
966,2025-12-12 10:06:25.292718+00:00,25.04,24.85,-0.008666666666665416
967,2025-12-12 10:06:45.993742+00:00,24.0,25.128,0.09266666666666623
967,2025-12-12 10:06:45.993742+00:00,23.94,24.889,-0.07966666666666693
967,2025-12-12 10:06:45.993742+00:00,24.71,24.938000000000002,0.016333333333334348
967,2025-12-12 10:06:45.993742+00:00,25.19,24.633000000000003,-0.10166666666666657
968,2025-12-12 10:07:07.081466+00:00,24.2,24.299,-0.1113333333333344
968,2025-12-12 10:07:07.081466+00:00,24.7,21.142,-1.0523333333333333
968,2025-12-12 10:07:07.081466+00:00,24.87,21.045,-0.03233333333333258
968,2025-12-12 10:07:07.081466+00:00,25.64,20.939,-0.03533333333333388
969,2025-12-12 10:07:17.754148+00:00,27.02,20.963,0.008000000000000304
969,2025-12-12 10:07:17.754148+00:00,27.4,20.824,-0.046333333333333115
969,2025-12-12 10:07:17.754148+00:00,27.39,20.83,0.0019999999999988916
969,2025-12-12 10:07:17.754148+00:00,27.38,20.641,-0.06300000000000001
970,2025-12-12 10:07:38.248090+00:00,27.41,20.726999999999997,0.028666666666666174
970,2025-12-12 10:07:38.248090+00:00,27.43,20.500999999999998,-0.07533333333333303
970,2025-12-12 10:07:38.248090+00:00,27.43,20.423000000000002,-0.025999999999998618
970,2025-12-12 10:07:38.248090+00:00,27.44,20.631999999999998,0.06966666666666536
971,2025-12-12 10:07:58.938187+00:00,27.15,20.508000000000003,-0.041333333333331744
971,2025-12-12 10:07:58.938187+00:00,27.18,20.393,-0.038333333333333997
971,2025-12-12 10:07:58.938187+00:00,26.95,20.475,0.02733333333333358
971,2025-12-12 10:07:58.938187+00:00,26.49,19.613000000000003,-0.2873333333333328
972,2025-12-12 10:08:19.672573+00:00,26.4,23.287,1.2246666666666652
972,2025-12-12 10:08:19.672573+00:00,25.91,16.384,-2.3009999999999997
972,2025-12-12 10:08:19.672573+00:00,25.54,16.182,-0.06733333333333391
972,2025-12-12 10:08:19.672573+00:00,25.7,16.518,0.1120000000000007
973,2025-12-12 10:08:40.164873+00:00,26.52,16.308000000000003,-0.0699999999999991
973,2025-12-12 10:08:40.164873+00:00,26.5,16.545,0.07899999999999945
973,2025-12-12 10:08:40.164873+00:00,26.61,16.455,-0.030000000000001137
973,2025-12-12 10:08:40.164873+00:00,26.8,16.391,-0.021333333333333353
974,2025-12-12 10:09:00.875453+00:00,26.75,16.498,0.035666666666667624
974,2025-12-12 10:09:00.875453+00:00,26.34,16.471999999999998,-0.008666666666667785
974,2025-12-12 10:09:00.875453+00:00,26.22,16.613000000000003,0.04700000000000178
974,2025-12-12 10:09:00.875453+00:00,26.22,16.467,-0.048666666666668114
975,2025-12-12 10:09:21.562515+00:00,26.14,16.651999999999997,0.06166666666666624
975,2025-12-12 10:09:21.562515+00:00,25.88,19.855999999999998,1.0680000000000003
975,2025-12-12 10:09:21.562515+00:00,25.33,25.059,1.7343333333333344
975,2025-12-12 10:09:21.562515+00:00,25.2,18.881999999999998,-2.059000000000001
977,2025-12-12 10:09:42.541828+00:00,25.55,16.364,-0.8393333333333324
977,2025-12-12 10:09:42.541828+00:00,26.09,16.675,0.10366666666666664
977,2025-12-12 10:09:42.541828+00:00,26.46,16.463,-0.07066666666666659
977,2025-12-12 10:09:42.541828+00:00,26.7,16.499000000000002,0.012000000000000455
978,2025-12-12 10:10:03.236036+00:00,26.5,16.559,0.019999999999999574
978,2025-12-12 10:10:03.236036+00:00,24.88,20.408,1.2830000000000001
978,2025-12-12 10:10:03.236036+00:00,25.14,21.662,0.41799999999999926
978,2025-12-12 10:10:03.236036+00:00,25.68,21.458000000000002,-0.06799999999999902
979,2025-12-12 10:10:23.923090+00:00,24.73,21.633000000000003,0.05833333333333357
979,2025-12-12 10:10:23.923090+00:00,25.18,21.462,-0.057000000000000973
979,2025-12-12 10:10:23.923090+00:00,26.45,21.436,-0.0086666666666666
979,2025-12-12 10:10:23.923090+00:00,26.34,21.625999999999998,0.06333333333333258
980,2025-12-12 10:10:44.456570+00:00,26.05,21.479,-0.04899999999999949
980,2025-12-12 10:10:44.456570+00:00,25.29,21.503,0.008000000000000304
980,2025-12-12 10:10:44.456570+00:00,25.16,21.583000000000002,0.026666666666667282
980,2025-12-12 10:10:44.456570+00:00,25.41,49.16,9.192333333333332
981,2025-12-12 10:11:05.221310+00:00,25.6,42.113,-2.348999999999999
981,2025-12-12 10:11:05.221310+00:00,25.88,39.916000000000004,-0.7323333333333318
981,2025-12-12 10:11:05.221310+00:00,24.84,51.236000000000004,3.7733333333333334
981,2025-12-12 10:11:05.221310+00:00,24.25,51.147,-0.02966666666666858
982,2025-12-12 10:11:25.933145+00:00,24.26,51.097,-0.01666666666666572
982,2025-12-12 10:11:25.933145+00:00,24.26,51.123999999999995,0.008999999999997973
982,2025-12-12 10:11:25.933145+00:00,24.31,51.126999999999995,0.001000000000000038
982,2025-12-12 10:11:25.933145+00:00,24.3,51.06399999999999,-0.021000000000000796
983,2025-12-12 10:11:46.498950+00:00,24.3,51.117,0.017666666666668124
983,2025-12-12 10:11:46.498950+00:00,24.28,51.099,-0.006000000000000227
983,2025-12-12 10:11:46.498950+00:00,24.26,51.093999999999994,-0.0016666666666675194
983,2025-12-12 10:11:46.498950+00:00,24.24,51.077,-0.005666666666665303
984,2025-12-12 10:12:07.192808+00:00,24.27,51.062,-0.005000000000000189
984,2025-12-12 10:12:07.192808+00:00,24.33,51.081,0.006333333333335152
984,2025-12-12 10:12:07.192808+00:00,24.35,51.083,0.000666666666665113
984,2025-12-12 10:12:07.192808+00:00,24.4,51.137,0.018000000000000682
985,2025-12-12 10:12:27.987292+00:00,24.48,51.159,0.0073333333333328215
985,2025-12-12 10:12:27.987292+00:00,24.16,51.211000000000006,0.01733333333333557
985,2025-12-12 10:12:27.987292+00:00,24.42,51.238,0.008999999999997973
985,2025-12-12 10:12:27.987292+00:00,24.34,51.266999999999996,0.009666666666665455
986,2025-12-12 10:12:38.500679+00:00,24.32,51.265,-0.000666666666665113
986,2025-12-12 10:12:38.500679+00:00,24.27,51.353,0.029333333333333655
986,2025-12-12 10:12:38.500679+00:00,24.23,45.051,-2.1006666666666667
986,2025-12-12 10:12:38.500679+00:00,23.86,51.763999999999996,2.2376666666666645
987,2025-12-12 10:12:59.192214+00:00,23.95,51.727,-0.01233333333333301
987,2025-12-12 10:12:59.192214+00:00,24.05,51.782,0.01833333333333324
987,2025-12-12 10:12:59.192214+00:00,24.01,51.795,0.0043333333333350765
987,2025-12-12 10:12:59.192214+00:00,23.73,51.824,0.009666666666665455
988,2025-12-12 10:13:19.700613+00:00,23.59,51.838,0.004666666666667633
988,2025-12-12 10:13:19.700613+00:00,23.41,51.887,0.01633333333333316
988,2025-12-12 10:13:19.700613+00:00,23.35,51.008,-0.29299999999999926
988,2025-12-12 10:13:19.700613+00:00,23.28,50.981,-0.009000000000000341
989,2025-12-12 10:13:40.361533+00:00,23.53,50.376999999999995,-0.20133333333333545
989,2025-12-12 10:13:40.361533+00:00,24.95,50.327,-0.01666666666666572
989,2025-12-12 10:13:40.361533+00:00,25.6,50.364,0.01233333333333301
989,2025-12-12 10:13:40.361533+00:00,26.13,44.717,-1.8823333333333327
991,2025-12-12 10:14:21.067589+00:00,25.86,35.589,-3.042666666666667
991,2025-12-12 10:14:21.067589+00:00,25.92,35.483000000000004,-0.03533333333333152
991,2025-12-12 10:14:21.067589+00:00,26.08,35.507,0.007999999999997934
991,2025-12-12 10:14:21.067589+00:00,26.33,35.417,-0.029999999999998767
993,2025-12-12 10:14:42.308867+00:00,26.49,34.18600000000001,-0.4103333333333315
993,2025-12-12 10:14:42.308867+00:00,26.52,34.157,-0.00966666666667019
993,2025-12-12 10:14:42.308867+00:00,26.59,33.832,-0.10833333333333191
993,2025-12-12 10:14:42.308867+00:00,26.62,32.32899999999999,-0.5010000000000024
994,2025-12-12 10:15:02.986954+00:00,26.61,26.784000000000002,-1.8483333333333303
994,2025-12-12 10:15:02.986954+00:00,26.6,26.947,0.054333333333332234
994,2025-12-12 10:15:02.986954+00:00,26.36,26.939,-0.002666666666666373
994,2025-12-12 10:15:02.986954+00:00,26.3,26.975,0.012000000000000455
995,2025-12-12 10:15:23.536394+00:00,26.43,26.978,0.001000000000000038
995,2025-12-12 10:15:23.536394+00:00,26.52,23.537,-1.147000000000001
995,2025-12-12 10:15:23.536394+00:00,26.58,21.17,-0.7889999999999991
995,2025-12-12 10:15:23.536394+00:00,26.72,23.899,0.9096666666666664
996,2025-12-12 10:15:44.217060+00:00,26.01,22.693,-0.40199999999999986
996,2025-12-12 10:15:44.217060+00:00,25.47,24.703000000000003,0.6700000000000005
996,2025-12-12 10:15:44.217060+00:00,24.95,24.596,-0.035666666666667624
996,2025-12-12 10:15:44.217060+00:00,25.04,24.736,0.046666666666666856
997,2025-12-12 10:16:04.908187+00:00,24.88,24.761999999999997,0.008666666666665416
997,2025-12-12 10:16:04.908187+00:00,25.22,24.81,0.016000000000000607
997,2025-12-12 10:16:04.908187+00:00,24.76,24.769000000000002,-0.013666666666665606
997,2025-12-12 10:16:04.908187+00:00,24.55,24.869,0.033333333333332625
998,2025-12-12 10:16:25.396743+00:00,24.32,24.839000000000002,-0.009999999999999195
998,2025-12-12 10:16:25.396743+00:00,24.6,24.851999999999997,0.004333333333331524
998,2025-12-12 10:16:25.396743+00:00,24.95,24.945,0.031000000000001176
998,2025-12-12 10:16:25.396743+00:00,24.65,24.828000000000003,-0.03899999999999911
999,2025-12-12 10:16:46.097402+00:00,26.1,24.764,-0.021333333333334537
999,2025-12-12 10:16:46.097402+00:00,26.45,24.905,0.0470000000000006
999,2025-12-12 10:16:46.097402+00:00,26.3,24.855999999999998,-0.016333333333334348
999,2025-12-12 10:16:46.097402+00:00,26.38,28.328000000000003,1.1573333333333349
1000,2025-12-12 10:17:06.769091+00:00,26.33,39.18600000000001,3.619333333333335
1000,2025-12-12 10:17:06.769091+00:00,25.93,43.805,1.5396666666666643
1000,2025-12-12 10:17:06.769091+00:00,24.81,52.7,2.965000000000001
1000,2025-12-12 10:17:06.769091+00:00,24.75,52.58,-0.040000000000001514
1001,2025-12-12 10:17:27.270142+00:00,25.21,43.193000000000005,-3.128999999999998
1001,2025-12-12 10:17:27.270142+00:00,25.0,51.129,2.645333333333331
1001,2025-12-12 10:17:27.270142+00:00,24.65,49.801,-0.44266666666666526
1001,2025-12-12 10:17:27.270142+00:00,24.44,49.669,-0.04400000000000167
1002,2025-12-12 10:17:37.940053+00:00,24.56,41.044,-2.875
1002,2025-12-12 10:17:37.940053+00:00,24.71,40.828,-0.071999999999998
1002,2025-12-12 10:17:37.940053+00:00,24.9,41.105,0.09233333333333131
1002,2025-12-12 10:17:37.940053+00:00,24.37,40.948,-0.052333333333332156
1003,2025-12-12 10:17:58.448497+00:00,24.55,40.91,-0.012666666666667936
1003,2025-12-12 10:17:58.448497+00:00,24.78,41.003,0.031000000000001176
1003,2025-12-12 10:17:58.448497+00:00,24.39,41.221000000000004,0.07266666666666784
1003,2025-12-12 10:17:58.448497+00:00,24.71,41.211000000000006,-0.00333333333333267
1004,2025-12-12 10:18:19.156009+00:00,24.96,41.138000000000005,-0.024333333333333467
1004,2025-12-12 10:18:19.156009+00:00,25.11,41.06399999999999,-0.02466666666667076
1004,2025-12-12 10:18:19.156009+00:00,24.87,37.735,-1.1096666666666646
1004,2025-12-12 10:18:19.156009+00:00,24.46,38.349,0.20466666666666575
1005,2025-12-12 10:18:39.809391+00:00,24.47,38.379,0.010000000000000378
1005,2025-12-12 10:18:39.809391+00:00,24.27,38.348,-0.010333333333332936
1005,2025-12-12 10:18:39.809391+00:00,24.19,38.424,0.025333333333333503
1005,2025-12-12 10:18:39.809391+00:00,24.18,38.442,0.006000000000000227
1006,2025-12-12 10:19:00.310232+00:00,24.11,38.428999999999995,-0.0043333333333350765
1006,2025-12-12 10:19:00.310232+00:00,24.08,38.483000000000004,0.018000000000003052
1006,2025-12-12 10:19:00.310232+00:00,24.01,38.526,0.014333333333333087
1006,2025-12-12 10:19:00.310232+00:00,23.92,38.541000000000004,0.005000000000000189
1007,2025-12-12 10:19:21.000082+00:00,23.7,38.583,0.013999999999998161
1007,2025-12-12 10:19:21.000082+00:00,23.53,38.57,-0.004333333333332708
1007,2025-12-12 10:19:21.000082+00:00,23.51,38.597,0.009000000000000341
1007,2025-12-12 10:19:21.000082+00:00,23.42,38.571999999999996,-0.008333333333335228
1009,2025-12-12 10:19:42.170431+00:00,23.37,38.573,0.00033333333333492493
1009,2025-12-12 10:19:42.170431+00:00,23.17,38.658,0.028333333333333616
1009,2025-12-12 10:19:42.170431+00:00,23.65,33.873000000000005,-1.5949999999999989
1009,2025-12-12 10:19:42.170431+00:00,23.63,34.126000000000005,0.08433333333333337
1010,2025-12-12 10:20:02.652088+00:00,23.88,34.083999999999996,-0.014000000000002899
1010,2025-12-12 10:20:02.652088+00:00,23.88,34.107,0.007666666666667747
1010,2025-12-12 10:20:02.652088+00:00,23.83,34.06399999999999,-0.014333333333335455
1010,2025-12-12 10:20:02.652088+00:00,24.56,33.902,-0.05399999999999731
1011,2025-12-12 10:20:23.348393+00:00,25.85,33.924,0.0073333333333328215
1011,2025-12-12 10:20:23.348393+00:00,25.96,33.943000000000005,0.006333333333335152
1011,2025-12-12 10:20:23.348393+00:00,26.01,33.873999999999995,-0.02300000000000324
1011,2025-12-12 10:20:23.348393+00:00,26.01,33.878,0.0013333333333349628
1012,2025-12-12 10:20:44.036610+00:00,26.0,33.815,-0.021000000000000796
1012,2025-12-12 10:20:44.036610+00:00,26.0,33.828,0.0043333333333350765
1012,2025-12-12 10:20:44.036610+00:00,25.9,33.858000000000004,0.010000000000000378
1012,2025-12-12 10:20:44.036610+00:00,25.8,33.836000000000006,-0.0073333333333328215
1013,2025-12-12 10:21:04.573111+00:00,25.75,33.821999999999996,-0.004666666666670001
1013,2025-12-12 10:21:04.573111+00:00,25.76,33.842,0.006666666666667709
1013,2025-12-12 10:21:04.573111+00:00,25.79,33.861000000000004,0.006333333333335152
1013,2025-12-12 10:21:04.573111+00:00,25.84,33.847,-0.004666666666667633
1014,2025-12-12 10:21:25.256862+00:00,25.99,33.821000000000005,-0.008666666666665416
1014,2025-12-12 10:21:25.256862+00:00,26.1,36.385,0.8546666666666644
1014,2025-12-12 10:21:25.256862+00:00,26.24,37.22,0.2783333333333336
1014,2025-12-12 10:21:25.256862+00:00,26.35,40.187,0.9889999999999995
1015,2025-12-12 10:21:45.954668+00:00,26.39,40.178999999999995,-0.0026666666666675574
1015,2025-12-12 10:21:45.954668+00:00,24.88,40.313,0.04466666666666915
1015,2025-12-12 10:21:45.954668+00:00,24.7,40.29600000000001,-0.005666666666665303
1015,2025-12-12 10:21:45.954668+00:00,24.75,40.342,0.015333333333330756
1016,2025-12-12 10:22:06.426655+00:00,24.69,40.35,0.0026666666666675574
1016,2025-12-12 10:22:06.426655+00:00,24.75,40.355,0.0016666666666651508
1016,2025-12-12 10:22:06.426655+00:00,24.62,40.418,0.021000000000000796
1016,2025-12-12 10:22:06.426655+00:00,24.84,40.39,-0.009333333333332897
1017,2025-12-12 10:22:27.111287+00:00,24.88,40.49,0.033333333333333805
1017,2025-12-12 10:22:27.111287+00:00,24.9,41.43,0.3133333333333326
1017,2025-12-12 10:22:27.111287+00:00,24.52,32.493,-2.978999999999999
1017,2025-12-12 10:22:27.111287+00:00,24.89,37.031000000000006,1.512666666666668
1018,2025-12-12 10:22:47.760474+00:00,24.97,37.275,0.08133333333333088
1018,2025-12-12 10:22:47.760474+00:00,24.83,37.838,0.18766666666666745
1018,2025-12-12 10:22:47.760474+00:00,24.01,37.586999999999996,-0.08366666666666826
1018,2025-12-12 10:22:47.760474+00:00,24.51,37.416000000000004,-0.05699999999999742
1019,2025-12-12 10:22:58.268544+00:00,24.45,37.644,0.07599999999999814
1019,2025-12-12 10:22:58.268544+00:00,24.78,37.483000000000004,-0.05366666666666475
1019,2025-12-12 10:22:58.268544+00:00,25.31,37.527,0.014666666666665643
1019,2025-12-12 10:22:58.268544+00:00,25.57,37.485,-0.014000000000000531
1020,2025-12-12 10:23:18.982893+00:00,25.67,37.461999999999996,-0.007666666666667747
1020,2025-12-12 10:23:18.982893+00:00,25.78,37.445,-0.005666666666665303
1020,2025-12-12 10:23:18.982893+00:00,25.03,37.54,0.03166666666666629
1020,2025-12-12 10:23:18.982893+00:00,24.68,37.465,-0.02499999999999858
1021,2025-12-12 10:23:39.494813+00:00,25.02,37.405,-0.020000000000000757
1021,2025-12-12 10:23:39.494813+00:00,25.64,37.309,-0.032000000000001215
1021,2025-12-12 10:23:39.494813+00:00,24.71,37.424,0.038333333333333997
1021,2025-12-12 10:23:39.494813+00:00,24.3,37.423,-0.0003333333333325565
1022,2025-12-12 10:24:00.236000+00:00,24.45,36.946000000000005,-0.15899999999999892
1022,2025-12-12 10:24:00.236000+00:00,24.66,37.838,0.29733333333333195
1022,2025-12-12 10:24:00.236000+00:00,24.9,37.81100000000001,-0.008999999999997973
1022,2025-12-12 10:24:00.236000+00:00,24.93,37.793,-0.006000000000002596
1023,2025-12-12 10:24:20.974624+00:00,24.95,37.803000000000004,0.0033333333333350388
1023,2025-12-12 10:24:20.974624+00:00,24.96,38.628,0.2749999999999986
1023,2025-12-12 10:24:20.974624+00:00,24.44,54.571999999999996,5.314666666666665
1023,2025-12-12 10:24:20.974624+00:00,24.65,54.516000000000005,-0.018666666666663428
1025,2025-12-12 10:24:41.961801+00:00,25.61,45.693999999999996,-2.94066666666667
1025,2025-12-12 10:24:41.961801+00:00,25.77,48.361999999999995,0.8893333333333331
1025,2025-12-12 10:24:41.961801+00:00,24.7,48.424,0.020666666666668238
1025,2025-12-12 10:24:41.961801+00:00,24.91,48.43899999999999,0.004999999999997821
1026,2025-12-12 10:25:02.660409+00:00,24.86,48.573,0.04466666666666915
1026,2025-12-12 10:25:02.660409+00:00,24.36,48.50899999999999,-0.02133333333333572
1026,2025-12-12 10:25:02.660409+00:00,24.21,48.581,0.02400000000000328
1026,2025-12-12 10:25:02.660409+00:00,24.15,48.622,0.013666666666665606
1027,2025-12-12 10:25:23.345986+00:00,23.87,48.641000000000005,0.006333333333335152
1027,2025-12-12 10:25:23.345986+00:00,23.85,48.65,0.0029999999999977454
1027,2025-12-12 10:25:23.345986+00:00,23.76,39.852,-2.9326666666666674
1027,2025-12-12 10:25:23.345986+00:00,24.01,35.508,-1.447999999999998
1028,2025-12-12 10:25:43.847831+00:00,23.92,36.461000000000006,0.31766666666666765
1028,2025-12-12 10:25:43.847831+00:00,24.01,34.997,-0.48800000000000193
1028,2025-12-12 10:25:43.847831+00:00,24.12,38.378,1.127
1028,2025-12-12 10:25:43.847831+00:00,23.93,38.405,0.009000000000000341
1029,2025-12-12 10:26:04.528435+00:00,24.12,38.215,-0.06333333333333258
1029,2025-12-12 10:26:04.528435+00:00,26.09,38.247,0.010666666666665492
1029,2025-12-12 10:26:04.528435+00:00,26.17,38.299,0.0173333333333332
1029,2025-12-12 10:26:04.528435+00:00,26.24,38.196999999999996,-0.034000000000001286
1030,2025-12-12 10:26:25.247643+00:00,26.65,38.138000000000005,-0.019666666666663463
1030,2025-12-12 10:26:25.247643+00:00,27.06,38.166000000000004,0.009333333333332897
1030,2025-12-12 10:26:25.247643+00:00,27.25,38.19,0.007999999999997934
1030,2025-12-12 10:26:25.247643+00:00,27.44,38.062,-0.04266666666666671
1031,2025-12-12 10:26:45.688164+00:00,27.51,38.153,0.030333333333333694
1031,2025-12-12 10:26:45.688164+00:00,25.89,37.756,-0.13233333333333283
1031,2025-12-12 10:26:45.688164+00:00,25.79,37.659,-0.03233333333333377
1031,2025-12-12 10:26:45.688164+00:00,26.36,41.193000000000005,1.178000000000002
1032,2025-12-12 10:27:06.392294+00:00,26.25,38.721000000000004,-0.8240000000000004
1032,2025-12-12 10:27:06.392294+00:00,26.33,38.71,-0.003666666666667595
1032,2025-12-12 10:27:06.392294+00:00,26.34,38.589,-0.040333333333334075
1032,2025-12-12 10:27:06.392294+00:00,26.54,38.568999999999996,-0.006666666666667709
1034,2025-12-12 10:27:47.097716+00:00,26.26,38.687,0.03933333333333403
1034,2025-12-12 10:27:47.097716+00:00,26.07,38.565,-0.04066666666666663
1034,2025-12-12 10:27:47.097716+00:00,25.11,35.295,-1.0899999999999987
1034,2025-12-12 10:27:47.097716+00:00,25.26,27.151,-2.7146666666666674
1035,2025-12-12 10:27:57.764607+00:00,24.51,42.354,5.067666666666667
1035,2025-12-12 10:27:57.764607+00:00,26.7,11.946,-10.136000000000001
1035,2025-12-12 10:27:57.764607+00:00,25.83,49.277,12.443666666666667
1035,2025-12-12 10:27:57.764607+00:00,25.21,49.556999999999995,0.09333333333333134
1036,2025-12-12 10:28:18.250622+00:00,25.01,49.555,-0.000666666666665113
1036,2025-12-12 10:28:18.250622+00:00,24.71,49.466,-0.029666666666666213
1036,2025-12-12 10:28:18.250622+00:00,24.51,50.074,0.20266666666666566
1036,2025-12-12 10:28:18.250622+00:00,24.56,50.07,-0.0013333333333325943
1038,2025-12-12 10:28:59.150637+00:00,24.37,50.413000000000004,0.11433333333333451
1038,2025-12-12 10:28:59.150637+00:00,24.31,50.431000000000004,0.006000000000000227
1038,2025-12-12 10:28:59.150637+00:00,24.32,50.308,-0.041000000000001556
1038,2025-12-12 10:28:59.150637+00:00,24.31,50.351000000000006,0.014333333333335455
1039,2025-12-12 10:29:19.637800+00:00,24.41,50.364,0.00433333333333034
1039,2025-12-12 10:29:19.637800+00:00,24.6,50.698,0.1113333333333344
1039,2025-12-12 10:29:19.637800+00:00,24.62,52.915,0.7389999999999995
1039,2025-12-12 10:29:19.637800+00:00,25.0,52.851000000000006,-0.021333333333330984
1041,2025-12-12 10:29:40.311607+00:00,25.43,52.84,-0.003666666666667595
1041,2025-12-12 10:29:40.311607+00:00,25.49,52.732,-0.036000000000001364
1041,2025-12-12 10:29:40.311607+00:00,25.02,52.992,0.086666666666666
1041,2025-12-12 10:29:40.311607+00:00,25.08,52.651,-0.11366666666666465
1042,2025-12-12 10:30:01.088339+00:00,25.0,52.817,0.05533333333333227
1042,2025-12-12 10:30:01.088339+00:00,24.96,52.705,-0.03733333333333396
1042,2025-12-12 10:30:01.088339+00:00,24.81,52.798,0.031000000000001176
1042,2025-12-12 10:30:01.088339+00:00,24.5,52.725,-0.024333333333333467
1043,2025-12-12 10:30:21.602722+00:00,24.22,52.718,-0.0023333333333326323
1043,2025-12-12 10:30:21.602722+00:00,24.13,52.913000000000004,0.0650000000000001
1043,2025-12-12 10:30:21.602722+00:00,24.16,52.886,-0.009000000000000341
1043,2025-12-12 10:30:21.602722+00:00,24.26,52.701,-0.061666666666667425
1044,2025-12-12 10:30:42.291869+00:00,24.4,52.699,-0.0006666666666674814
1044,2025-12-12 10:30:42.291869+00:00,24.53,52.692,-0.0023333333333326323
1044,2025-12-12 10:30:42.291869+00:00,24.58,52.69,-0.0006666666666674814
1044,2025-12-12 10:30:42.291869+00:00,24.98,52.81,0.040000000000001514
1045,2025-12-12 10:31:02.939842+00:00,24.44,52.773,-0.01233333333333301
1045,2025-12-12 10:31:02.939842+00:00,24.33,52.716,-0.01900000000000072
1045,2025-12-12 10:31:02.939842+00:00,24.26,52.778,0.020666666666665872
1045,2025-12-12 10:31:02.939842+00:00,24.27,52.85,0.02400000000000091
1046,2025-12-12 10:31:23.430779+00:00,24.26,52.351000000000006,-0.16633333333333175
1046,2025-12-12 10:31:23.430779+00:00,24.38,40.635,-3.905333333333336
1046,2025-12-12 10:31:23.430779+00:00,24.49,39.228,-0.4689999999999988
1046,2025-12-12 10:31:23.430779+00:00,24.26,39.388000000000005,0.053333333333334565
1047,2025-12-12 10:31:44.116858+00:00,24.11,39.562,0.05799999999999746
1047,2025-12-12 10:31:44.116858+00:00,24.45,39.324,-0.07933333333333319
1047,2025-12-12 10:31:44.116858+00:00,24.84,39.468,0.04800000000000182
1047,2025-12-12 10:31:44.116858+00:00,25.77,39.464,-0.0013333333333349628
1048,2025-12-12 10:32:04.849779+00:00,26.21,39.391000000000005,-0.024333333333331097
1048,2025-12-12 10:32:04.849779+00:00,25.47,39.458,0.022333333333331023
1048,2025-12-12 10:32:04.849779+00:00,25.0,39.378,-0.0266666666666661
1048,2025-12-12 10:32:04.849779+00:00,25.13,39.42,0.014000000000000531
1049,2025-12-12 10:32:25.313387+00:00,26.23,39.062,-0.11933333333333469
1049,2025-12-12 10:32:25.313387+00:00,27.24,38.398999999999994,-0.22100000000000128
1049,2025-12-12 10:32:25.313387+00:00,27.41,40.166000000000004,0.5890000000000034
1049,2025-12-12 10:32:25.313387+00:00,27.46,40.243,0.02566666666666606
1050,2025-12-12 10:32:46.024931+00:00,27.49,40.135,-0.036000000000001364
1050,2025-12-12 10:32:46.024931+00:00,27.53,40.147,0.004000000000000152
1050,2025-12-12 10:32:46.024931+00:00,27.5,37.471000000000004,-0.8919999999999982
1050,2025-12-12 10:32:46.024931+00:00,26.88,37.298,-0.057666666666667275
